{
  "config": {
    "batch_sample_interval_s": 1.0,
    "block": "core_factorial",
    "concurrency": 8,
    "decoding": "greedy",
    "draft_model": "yuhuili/EAGLE3-LLaMA3.1-Instruct-8B",
    "engine": "vllm",
    "engine_args": {
      "dtype": "float16",
      "enable_prefix_caching": false,
      "extra": [],
      "gpu_memory_utilization": 0.85,
      "host": "127.0.0.1",
      "max_model_len": 8192,
      "num_speculative_tokens": 5,
      "port": 8000,
      "quantization": null
    },
    "factors": {
      "kv_quant": "fp8",
      "spec_decode": "eagle3",
      "weight_quant": "fp16"
    },
    "gpu_target": "a100",
    "model": "meta-llama/Llama-3.1-8B-Instruct",
    "repeat_idx": 2,
    "run_id": "core_factorial_llama-3-1-8b-instruct_fp16-fp8-eagle3_rag_shared_prefix_c8_r2",
    "seed": 1234,
    "warmup_requests": 4,
    "workload": "rag_shared_prefix",
    "workload_params": {
      "max_new_tokens": 256,
      "num_requests": 160,
      "prefix_overlap": "high",
      "spec_bench_file": "external/Spec-Bench/data/spec_bench/question.jsonl"
    }
  },
  "env": {
    "cuda": "13.0",
    "driver": "580.82.07",
    "engine_version": "0.24.0",
    "git_commit": "76252b30f9a56917108d897fb6c1e53d4c674012",
    "gpu_name": "NVIDIA A100-SXM4-80GB",
    "timestamp_utc": "2026-07-10T05:04:11.507871+00:00"
  },
  "measured": {
    "acceptance_rate": 0.30989515478627705,
    "accepted_length_tau": 2.5494757739313854,
    "accuracy": null,
    "e2e_latency_ms": {
      "mean": 2929.696712018813,
      "p50": 2942.8709040003014,
      "p95": 3767.789796150009,
      "p99": 4098.961946399886
    },
    "emergent_batch_size": {
      "max": 8.0,
      "mean": 7.383333333333334,
      "num_samples": 60,
      "p50": 8.0
    },
    "goodput_tok_s": 678.7132296360063,
    "itl_ms": {
      "mean": 27.630290906383898,
      "p50": 24.85260199955519,
      "p95": 65.07452829973772,
      "p99": 77.20233428017309
    },
    "kv_cache_usage": {
      "max": 0.008974538752779537,
      "mean": 0.00766975834184712,
      "num_samples": 60,
      "p50": 0.008022997255553999
    },
    "num_errors": 0,
    "num_preemptions": 0.0,
    "num_requests": 160,
    "prompt_tokens_mean": 697.40625,
    "queue_depth": {
      "max": 0.0,
      "mean": 0.0,
      "num_samples": 60,
      "p50": 0.0
    },
    "request_decode_tok_s_mean": 94.54531268584209,
    "request_tok_s_mean": 89.6227084514036,
    "spec_num_drafts": 16119.0,
    "spec_rejected_tok_s": 921.6150175567635,
    "throughput_tok_s": 678.7132296360063,
    "total_completion_tokens": 40960,
    "ttft_ms": {
      "mean": 146.11759251880017,
      "p50": 117.27424200034875,
      "p95": 252.465394849696,
      "p99": 497.186068219853
    },
    "wall_time_s": 60.34949402999973
  },
  "run_id": "core_factorial_llama-3-1-8b-instruct_fp16-fp8-eagle3_rag_shared_prefix_c8_r2",
  "score_details": [
    {
      "num_empty_outputs": 0,
      "num_outputs": 160
    }
  ],
  "status": "ok"
}