{
  "config": {
    "batch_sample_interval_s": 1.0,
    "block": "core_factorial",
    "concurrency": 1,
    "decoding": "greedy",
    "draft_model": "yuhuili/EAGLE3-LLaMA3.1-Instruct-8B",
    "engine": "vllm",
    "engine_args": {
      "dtype": "float16",
      "enable_prefix_caching": false,
      "extra": [],
      "gpu_memory_utilization": 0.85,
      "host": "127.0.0.1",
      "max_model_len": 8192,
      "num_speculative_tokens": 5,
      "port": 8000,
      "quantization": null
    },
    "factors": {
      "kv_quant": "fp8",
      "spec_decode": "eagle3",
      "weight_quant": "fp16"
    },
    "gpu_target": "a100",
    "model": "meta-llama/Llama-3.1-8B-Instruct",
    "repeat_idx": 2,
    "run_id": "core_factorial_llama-3-1-8b-instruct_fp16-fp8-eagle3_gsm8k_c1_r2",
    "seed": 1234,
    "warmup_requests": 4,
    "workload": "gsm8k",
    "workload_params": {
      "max_new_tokens": 256,
      "n_shot": 8,
      "num_requests": 64
    }
  },
  "env": {
    "cuda": "13.0",
    "driver": "580.82.07",
    "engine_version": "0.24.0",
    "git_commit": "76252b30f9a56917108d897fb6c1e53d4c674012",
    "gpu_name": "NVIDIA A100-SXM4-80GB",
    "timestamp_utc": "2026-07-10T04:46:02.400561+00:00"
  },
  "measured": {
    "acceptance_rate": 0.38323289613612194,
    "accepted_length_tau": 2.9161644806806097,
    "accuracy": 0.78125,
    "e2e_latency_ms": {
      "mean": 2055.927212734332,
      "p50": 2026.2735810001686,
      "p95": 2412.4351423005005,
      "p99": 2690.1265664397843
    },
    "emergent_batch_size": {
      "max": 1.0,
      "mean": 0.9389312977099237,
      "num_samples": 131,
      "p50": 1.0
    },
    "goodput_tok_s": 124.50495178727843,
    "itl_ms": {
      "mean": 22.321345318286635,
      "p50": 22.298488000160432,
      "p95": 22.954868899796566,
      "p99": 23.8487034195532
    },
    "kv_cache_usage": {
      "max": 0.0012820769646827435,
      "mean": 0.0010049868573348433,
      "num_samples": 131,
      "p50": 0.001041687533804736
    },
    "num_errors": 0,
    "num_preemptions": 0.0,
    "num_requests": 64,
    "prompt_tokens_mean": 717.015625,
    "queue_depth": {
      "max": 0.0,
      "mean": 0.0,
      "num_samples": 131,
      "p50": 0.0
    },
    "request_decode_tok_s_mean": 132.02683125660135,
    "request_tok_s_mean": 125.90840120907795,
    "spec_num_drafts": 5642.0,
    "spec_rejected_tok_s": 132.21811866130722,
    "throughput_tok_s": 124.50495178727843,
    "total_completion_tokens": 16384,
    "ttft_ms": {
      "mean": 93.39267982809929,
      "p50": 92.70325250008682,
      "p95": 96.2620025002252,
      "p99": 105.42017951984235
    },
    "wall_time_s": 131.59315966800023
  },
  "run_id": "core_factorial_llama-3-1-8b-instruct_fp16-fp8-eagle3_gsm8k_c1_r2",
  "score_details": [
    {
      "correct": true,
      "pred": "125"
    },
    {
      "correct": true,
      "pred": "2"
    },
    {
      "correct": true,
      "pred": "9"
    },
    {
      "correct": true,
      "pred": "75"
    },
    {
      "correct": true,
      "pred": "200"
    },
    {
      "correct": true,
      "pred": "300"
    },
    {
      "correct": false,
      "pred": "22"
    },
    {
      "correct": false,
      "pred": "6"
    },
    {
      "correct": true,
      "pred": "58"
    },
    {
      "correct": true,
      "pred": "29"
    },
    {
      "correct": false,
      "pred": "350"
    },
    {
      "correct": true,
      "pred": "160"
    },
    {
      "correct": true,
      "pred": "106"
    },
    {
      "correct": false,
      "pred": "15"
    },
    {
      "correct": true,
      "pred": "4"
    },
    {
      "correct": true,
      "pred": "54"
    },
    {
      "correct": true,
      "pred": "7"
    },
    {
      "correct": false,
      "pred": "4"
    },
    {
      "correct": true,
      "pred": "8"
    },
    {
      "correct": true,
      "pred": "21"
    },
    {
      "correct": true,
      "pred": "67"
    },
    {
      "correct": true,
      "pred": "36"
    },
    {
      "correct": true,
      "pred": "12"
    },
    {
      "correct": true,
      "pred": "49"
    },
    {
      "correct": true,
      "pred": "16"
    },
    {
      "correct": true,
      "pred": "215"
    },
    {
      "correct": true,
      "pred": "800"
    },
    {
      "correct": true,
      "pred": "33"
    },
    {
      "correct": true,
      "pred": "76"
    },
    {
      "correct": true,
      "pred": "1050"
    },
    {
      "correct": false,
      "pred": "372000"
    },
    {
      "correct": true,
      "pred": "360"
    },
    {
      "correct": true,
      "pred": "36"
    },
    {
      "correct": true,
      "pred": "14"
    },
    {
      "correct": true,
      "pred": "100"
    },
    {
      "correct": false,
      "pred": "28.57"
    },
    {
      "correct": true,
      "pred": "12"
    },
    {
      "correct": false,
      "pred": "6"
    },
    {
      "correct": true,
      "pred": "10"
    },
    {
      "correct": true,
      "pred": "11"
    },
    {
      "correct": true,
      "pred": "2"
    },
    {
      "correct": true,
      "pred": "30"
    },
    {
      "correct": true,
      "pred": "15"
    },
    {
      "correct": true,
      "pred": "7000"
    },
    {
      "correct": false,
      "pred": "14"
    },
    {
      "correct": true,
      "pred": "38"
    },
    {
      "correct": false,
      "pred": "1071"
    },
    {
      "correct": true,
      "pred": "4"
    },
    {
      "correct": false,
      "pred": "0"
    },
    {
      "correct": true,
      "pred": "10"
    },
    {
      "correct": true,
      "pred": "15"
    },
    {
      "correct": true,
      "pred": "24"
    },
    {
      "correct": false,
      "pred": "133250"
    },
    {
      "correct": false,
      "pred": "405"
    },
    {
      "correct": true,
      "pred": "270"
    },
    {
      "correct": true,
      "pred": "16"
    },
    {
      "correct": true,
      "pred": "38"
    },
    {
      "correct": true,
      "pred": "75"
    },
    {
      "correct": true,
      "pred": "5"
    },
    {
      "correct": false,
      "pred": "1"
    },
    {
      "correct": true,
      "pred": "120"
    },
    {
      "correct": true,
      "pred": "60"
    },
    {
      "correct": true,
      "pred": "16"
    },
    {
      "correct": true,
      "pred": "12"
    }
  ],
  "status": "ok"
}