{
  "config": {
    "batch_sample_interval_s": 1.0,
    "block": "core_factorial",
    "concurrency": 8,
    "decoding": "greedy",
    "draft_model": null,
    "engine": "vllm",
    "engine_args": {
      "dtype": "float16",
      "enable_prefix_caching": false,
      "extra": [],
      "gpu_memory_utilization": 0.85,
      "host": "127.0.0.1",
      "max_model_len": 8192,
      "num_speculative_tokens": 5,
      "port": 8000,
      "quantization": null
    },
    "factors": {
      "kv_quant": "fp16",
      "spec_decode": "none",
      "weight_quant": "fp16"
    },
    "gpu_target": "a100",
    "model": "meta-llama/Llama-3.1-8B-Instruct",
    "repeat_idx": 1,
    "run_id": "core_factorial_llama-3-1-8b-instruct_fp16-fp16-none_gsm8k_c8_r1",
    "seed": 1234,
    "warmup_requests": 4,
    "workload": "gsm8k",
    "workload_params": {
      "max_new_tokens": 256,
      "n_shot": 8,
      "num_requests": 160
    }
  },
  "env": {
    "cuda": "13.0",
    "driver": "580.82.07",
    "engine_version": "0.24.0",
    "git_commit": "78c3900f99958d2dc9f6373568067446aec7bba4",
    "gpu_name": "NVIDIA A100-SXM4-80GB",
    "timestamp_utc": "2026-07-09T22:30:50.449208+00:00"
  },
  "measured": {
    "acceptance_rate": null,
    "accepted_length_tau": null,
    "accuracy": 0.7375,
    "e2e_latency_ms": {
      "mean": 3254.432925725041,
      "p50": 3254.0860765002435,
      "p95": 3263.2075798495866,
      "p99": 3317.076888219017
    },
    "emergent_batch_size": {
      "max": 8.0,
      "mean": 7.630769230769231,
      "num_samples": 65,
      "p50": 8.0
    },
    "goodput_tok_s": 628.9885837518325,
    "itl_ms": {
      "mean": 11.912491323407009,
      "p50": 11.300068499622284,
      "p95": 11.795714899199083,
      "p99": 24.508136580188907
    },
    "kv_cache_usage": {
      "max": 0.018679475449832283,
      "mean": 0.01536350200577099,
      "num_samples": 65,
      "p50": 0.016049100335468136
    },
    "num_errors": 0,
    "num_preemptions": 0.0,
    "num_requests": 160,
    "prompt_tokens_mean": 717.175,
    "queue_depth": {
      "max": 0.0,
      "mean": 0.0,
      "num_samples": 65,
      "p50": 0.0
    },
    "request_decode_tok_s_mean": 84.3270272273663,
    "request_tok_s_mean": 78.66387228190042,
    "spec_num_drafts": null,
    "spec_rejected_tok_s": null,
    "throughput_tok_s": 628.9885837518325,
    "total_completion_tokens": 40960,
    "ttft_ms": {
      "mean": 216.74763825625405,
      "p50": 232.14767050012597,
      "p95": 327.03381474893825,
      "p99": 380.70186809920403
    },
    "wall_time_s": 65.12041880900142
  },
  "run_id": "core_factorial_llama-3-1-8b-instruct_fp16-fp16-none_gsm8k_c8_r1",
  "score_details": [
    {
      "correct": true,
      "pred": "18"
    },
    {
      "correct": false,
      "pred": "315"
    },
    {
      "correct": true,
      "pred": "125"
    },
    {
      "correct": true,
      "pred": "230"
    },
    {
      "correct": true,
      "pred": "104"
    },
    {
      "correct": true,
      "pred": "70"
    },
    {
      "correct": false,
      "pred": "7"
    },
    {
      "correct": true,
      "pred": "10"
    },
    {
      "correct": false,
      "pred": "36"
    },
    {
      "correct": true,
      "pred": "187"
    },
    {
      "correct": true,
      "pred": "17"
    },
    {
      "correct": true,
      "pred": "6"
    },
    {
      "correct": true,
      "pred": "58"
    },
    {
      "correct": true,
      "pred": "6"
    },
    {
      "correct": false,
      "pred": "55"
    },
    {
      "correct": true,
      "pred": "140"
    },
    {
      "correct": true,
      "pred": "16"
    },
    {
      "correct": false,
      "pred": "17"
    },
    {
      "correct": true,
      "pred": "1400"
    },
    {
      "correct": true,
      "pred": "18000"
    },
    {
      "correct": true,
      "pred": "130"
    },
    {
      "correct": true,
      "pred": "20"
    },
    {
      "correct": true,
      "pred": "160"
    },
    {
      "correct": true,
      "pred": "24"
    },
    {
      "correct": true,
      "pred": "10"
    },
    {
      "correct": true,
      "pred": "114200"
    },
    {
      "correct": true,
      "pred": "100"
    },
    {
      "correct": false,
      "pred": "220"
    },
    {
      "correct": true,
      "pred": "860"
    },
    {
      "correct": true,
      "pred": "2600"
    },
    {
      "correct": true,
      "pred": "8"
    },
    {
      "correct": true,
      "pred": "276000"
    },
    {
      "correct": true,
      "pred": "3"
    },
    {
      "correct": false,
      "pred": "118"
    },
    {
      "correct": true,
      "pred": "1375"
    },
    {
      "correct": true,
      "pred": "21"
    },
    {
      "correct": true,
      "pred": "3"
    },
    {
      "correct": true,
      "pred": "16"
    },
    {
      "correct": true,
      "pred": "3"
    },
    {
      "correct": true,
      "pred": "4"
    },
    {
      "correct": true,
      "pred": "120000"
    },
    {
      "correct": true,
      "pred": "14"
    },
    {
      "correct": false,
      "pred": "35"
    },
    {
      "correct": true,
      "pred": "4"
    },
    {
      "correct": true,
      "pred": "180000"
    },
    {
      "correct": false,
      "pred": "15"
    },
    {
      "correct": true,
      "pred": "23"
    },
    {
      "correct": true,
      "pred": "9"
    },
    {
      "correct": true,
      "pred": "5"
    },
    {
      "correct": true,
      "pred": "15"
    },
    {
      "correct": true,
      "pred": "67"
    },
    {
      "correct": false,
      "pred": "4"
    },
    {
      "correct": true,
      "pred": "50"
    },
    {
      "correct": true,
      "pred": "56"
    },
    {
      "correct": false,
      "pred": "50"
    },
    {
      "correct": false,
      "pred": "165"
    },
    {
      "correct": false,
      "pred": "18"
    },
    {
      "correct": true,
      "pred": "6"
    },
    {
      "correct": true,
      "pred": "2"
    },
    {
      "correct": true,
      "pred": "50"
    },
    {
      "correct": true,
      "pred": "273"
    },
    {
      "correct": true,
      "pred": "2"
    },
    {
      "correct": true,
      "pred": "300"
    },
    {
      "correct": true,
      "pred": "32"
    },
    {
      "correct": true,
      "pred": "63"
    },
    {
      "correct": true,
      "pred": "39"
    },
    {
      "correct": false,
      "pred": "19"
    },
    {
      "correct": true,
      "pred": "8"
    },
    {
      "correct": true,
      "pred": "7"
    },
    {
      "correct": true,
      "pred": "2"
    },
    {
      "correct": true,
      "pred": "12"
    },
    {
      "correct": false,
      "pred": "99"
    },
    {
      "correct": false,
      "pred": "6850000"
    },
    {
      "correct": true,
      "pred": "93000"
    },
    {
      "correct": true,
      "pred": "36"
    },
    {
      "correct": true,
      "pred": "3000"
    },
    {
      "correct": true,
      "pred": "4800"
    },
    {
      "correct": true,
      "pred": "1050"
    },
    {
      "correct": true,
      "pred": "53"
    },
    {
      "correct": false,
      "pred": "12"
    },
    {
      "correct": false,
      "pred": "80"
    },
    {
      "correct": true,
      "pred": "68"
    },
    {
      "correct": true,
      "pred": "8"
    },
    {
      "correct": true,
      "pred": "135"
    },
    {
      "correct": true,
      "pred": "200"
    },
    {
      "correct": true,
      "pred": "120"
    },
    {
      "correct": false,
      "pred": "4"
    },
    {
      "correct": true,
      "pred": "10"
    },
    {
      "correct": false,
      "pred": "13"
    },
    {
      "correct": true,
      "pred": "98"
    },
    {
      "correct": true,
      "pred": "350"
    },
    {
      "correct": false,
      "pred": "6"
    },
    {
      "correct": true,
      "pred": "16"
    },
    {
      "correct": false,
      "pred": "6"
    },
    {
      "correct": false,
      "pred": "21"
    },
    {
      "correct": true,