{
  "config": {
    "batch_sample_interval_s": 1.0,
    "block": "core_factorial",
    "concurrency": 8,
    "decoding": "greedy",
    "draft_model": "yuhuili/EAGLE3-LLaMA3.1-Instruct-8B",
    "engine": "vllm",
    "engine_args": {
      "dtype": "float16",
      "enable_prefix_caching": false,
      "extra": [],
      "gpu_memory_utilization": 0.85,
      "host": "127.0.0.1",
      "max_model_len": 8192,
      "num_speculative_tokens": 5,
      "port": 8000,
      "quantization": null
    },
    "factors": {
      "kv_quant": "fp16",
      "spec_decode": "eagle3",
      "weight_quant": "fp16"
    },
    "gpu_target": "a100",
    "model": "meta-llama/Llama-3.1-8B-Instruct",
    "repeat_idx": 1,
    "run_id": "core_factorial_llama-3-1-8b-instruct_fp16-fp16-eagle3_gsm8k_c8_r1",
    "seed": 1234,
    "warmup_requests": 4,
    "workload": "gsm8k",
    "workload_params": {
      "max_new_tokens": 256,
      "n_shot": 8,
      "num_requests": 160
    }
  },
  "env": {
    "cuda": "13.0",
    "driver": "580.82.07",
    "engine_version": "0.24.0",
    "git_commit": "78c3900f99958d2dc9f6373568067446aec7bba4",
    "gpu_name": "NVIDIA A100-SXM4-80GB",
    "timestamp_utc": "2026-07-09T23:40:49.315143+00:00"
  },
  "measured": {
    "acceptance_rate": 0.37895255525834154,
    "accepted_length_tau": 2.8947627762917074,
    "accuracy": 0.74375,
    "e2e_latency_ms": {
      "mean": 1829.5359231499788,
      "p50": 1782.451370999297,
      "p95": 2242.7065370494342,
      "p99": 2423.412615639063
    },
    "emergent_batch_size": {
      "max": 8.0,
      "mean": 7.513513513513513,
      "num_samples": 37,
      "p50": 8.0
    },
    "goodput_tok_s": 1104.8005368973197,
    "itl_ms": {
      "mean": 19.355262144234906,
      "p50": 16.20874099990033,
      "p95": 45.807005999904504,
      "p99": 58.08552029902785
    },
    "kv_cache_usage": {
      "max": 0.018069634200088114,
      "mean": 0.016030614532157057,
      "num_samples": 37,
      "p50": 0.01678753155174484
    },
    "num_errors": 0,
    "num_preemptions": 0.0,
    "num_requests": 160,
    "prompt_tokens_mean": 717.175,
    "queue_depth": {
      "max": 0.0,
      "mean": 0.0,
      "num_samples": 37,
      "p50": 0.0
    },
    "request_decode_tok_s_mean": 150.9485238543875,
    "request_tok_s_mean": 141.64592371108844,
    "spec_num_drafts": 14206.0,
    "spec_rejected_tok_s": 1189.845363382604,
    "throughput_tok_s": 1104.8005368973197,
    "total_completion_tokens": 40960,
    "ttft_ms": {
      "mean": 111.03058551872209,
      "p50": 87.98953799941955,
      "p95": 205.2089421005803,
      "p99": 381.1280429694486
    },
    "wall_time_s": 37.074565617998815
  },
  "run_id": "core_factorial_llama-3-1-8b-instruct_fp16-fp16-eagle3_gsm8k_c8_r1",
  "score_details": [
    {
      "correct": true,
      "pred": "18"
    },
    {
      "correct": false,
      "pred": "315"
    },
    {
      "correct": true,
      "pred": "125"
    },
    {
      "correct": true,
      "pred": "230"
    },
    {
      "correct": true,
      "pred": "104"
    },
    {
      "correct": true,
      "pred": "70"
    },
    {
      "correct": false,
      "pred": "[invalid]"
    },
    {
      "correct": true,
      "pred": "10"
    },
    {
      "correct": false,
      "pred": "36"
    },
    {
      "correct": true,
      "pred": "187"
    },
    {
      "correct": true,
      "pred": "17"
    },
    {
      "correct": true,
      "pred": "6"
    },
    {
      "correct": true,
      "pred": "58"
    },
    {
      "correct": true,
      "pred": "6"
    },
    {
      "correct": false,
      "pred": "55"
    },
    {
      "correct": true,
      "pred": "140"
    },
    {
      "correct": true,
      "pred": "16"
    },
    {
      "correct": false,
      "pred": "17"
    },
    {
      "correct": true,
      "pred": "1400"
    },
    {
      "correct": true,
      "pred": "18000"
    },
    {
      "correct": true,
      "pred": "130"
    },
    {
      "correct": true,
      "pred": "20"
    },
    {
      "correct": true,
      "pred": "160"
    },
    {
      "correct": true,
      "pred": "24"
    },
    {
      "correct": true,
      "pred": "10"
    },
    {
      "correct": true,
      "pred": "114200"
    },
    {
      "correct": true,
      "pred": "100"
    },
    {
      "correct": false,
      "pred": "220"
    },
    {
      "correct": true,
      "pred": "860"
    },
    {
      "correct": true,
      "pred": "2600"
    },
    {
      "correct": true,
      "pred": "8"
    },
    {
      "correct": true,
      "pred": "276000"
    },
    {
      "correct": true,
      "pred": "3"
    },
    {
      "correct": false,
      "pred": "118"
    },
    {
      "correct": true,
      "pred": "1375"
    },
    {
      "correct": true,
      "pred": "21"
    },
    {
      "correct": true,
      "pred": "3"
    },
    {
      "correct": true,
      "pred": "16"
    },
    {
      "correct": true,
      "pred": "3"
    },
    {
      "correct": true,
      "pred": "4"
    },
    {
      "correct": true,
      "pred": "120000"
    },
    {
      "correct": true,
      "pred": "14"
    },
    {
      "correct": false,
      "pred": "35"
    },
    {
      "correct": false,
      "pred": "6"
    },
    {
      "correct": true,
      "pred": "180000"
    },
    {
      "correct": false,
      "pred": "15"
    },
    {
      "correct": true,
      "pred": "23"
    },
    {
      "correct": true,
      "pred": "9"
    },
    {
      "correct": true,
      "pred": "5"
    },
    {
      "correct": true,
      "pred": "15"
    },
    {
      "correct": true,
      "pred": "67"
    },
    {
      "correct": false,
      "pred": "4"
    },
    {
      "correct": true,
      "pred": "50"
    },
    {
      "correct": true,
      "pred": "56"
    },
    {
      "correct": false,
      "pred": "100"
    },
    {
      "correct": true,
      "pred": "132"
    },
    {
      "correct": false,
      "pred": "18"
    },
    {
      "correct": true,
      "pred": "6"
    },
    {
      "correct": true,
      "pred": "2"
    },
    {
      "correct": true,
      "pred": "50"
    },
    {
      "correct": true,
      "pred": "273"
    },
    {
      "correct": true,
      "pred": "2"
    },
    {
      "correct": true,
      "pred": "300"
    },
    {
      "correct": true,
      "pred": "32"
    },
    {
      "correct": true,
      "pred": "63"
    },
    {
      "correct": true,
      "pred": "39"
    },
    {
      "correct": false,
      "pred": "19"
    },
    {
      "correct": true,
      "pred": "8"
    },
    {
      "correct": true,
      "pred": "7"
    },
    {
      "correct": true,
      "pred": "2"
    },
    {
      "correct": true,
      "pred": "12"
    },
    {
      "correct": false,
      "pred": "99"
    },
    {
      "correct": false,
      "pred": "6850000"
    },
    {
      "correct": true,
      "pred": "93000"
    },
    {
      "correct": true,
      "pred": "36"
    },
    {
      "correct": true,
      "pred": "3000"
    },
    {
      "correct": true,
      "pred": "4800"
    },
    {
      "correct": true,
      "pred": "1050"
    },
    {
      "correct": true,
      "pred": "53"
    },
    {
      "correct": false,
      "pred": "12"
    },
    {
      "correct": true,
      "pred": "50"
    },
    {
      "correct": true,
      "pred": "68"
    },
    {
      "correct": true,
      "pred": "8"
    },
    {
      "correct": true,
      "pred": "135"
    },
    {
      "correct": true,
      "pred": "200"
    },
    {
      "correct": true,
      "pred": "120"
    },
    {
      "correct": false,
      "pred": "4"
    },
    {
      "correct": true,
      "pred": "10"
    },
    {
      "correct": false,
      "pred": "13"
    },
    {
      "correct": true,
      "pred": "98"
    },
    {
      "correct": true,
      "pred": "350"
    },
    {
      "correct": false,
      "pred": "6"
    },
    {
      "correct": true,
      "pred": "16"
    },
    {
      "correct": false,