{
  "config": {
    "batch_sample_interval_s": 1.0,
    "block": "core_factorial",
    "concurrency": 8,
    "decoding": "greedy",
    "draft_model": "yuhuili/EAGLE3-LLaMA3.1-Instruct-8B",
    "engine": "vllm",
    "engine_args": {
      "dtype": "float16",
      "enable_prefix_caching": false,
      "extra": [],
      "gpu_memory_utilization": 0.85,
      "host": "127.0.0.1",
      "max_model_len": 8192,
      "num_speculative_tokens": 5,
      "port": 8000,
      "quantization": null
    },
    "factors": {
      "kv_quant": "fp8",
      "spec_decode": "eagle3",
      "weight_quant": "fp16"
    },
    "gpu_target": "a100",
    "model": "meta-llama/Llama-3.1-8B-Instruct",
    "repeat_idx": 2,
    "run_id": "core_factorial_llama-3-1-8b-instruct_fp16-fp8-eagle3_gsm8k_c8_r2",
    "seed": 1234,
    "warmup_requests": 4,
    "workload": "gsm8k",
    "workload_params": {
      "max_new_tokens": 256,
      "n_shot": 8,
      "num_requests": 160
    }
  },
  "env": {
    "cuda": "13.0",
    "driver": "580.82.07",
    "engine_version": "0.24.0",
    "git_commit": "76252b30f9a56917108d897fb6c1e53d4c674012",
    "gpu_name": "NVIDIA A100-SXM4-80GB",
    "timestamp_utc": "2026-07-10T04:49:23.884845+00:00"
  },
  "measured": {
    "acceptance_rate": 0.37273867595818816,
    "accepted_length_tau": 2.8636933797909405,
    "accuracy": 0.76875,
    "e2e_latency_ms": {
      "mean": 2657.722144718798,
      "p50": 2622.8230169995186,
      "p95": 3316.8841553493153,
      "p99": 3646.2616260100826
    },
    "emergent_batch_size": {
      "max": 8.0,
      "mean": 7.462962962962963,
      "num_samples": 54,
      "p50": 8.0
    },
    "goodput_tok_s": 758.6285841325943,
    "itl_ms": {
      "mean": 28.017030042369555,
      "p50": 24.78468650042487,
      "p95": 65.94242404958095,
      "p99": 77.70237267030097
    },
    "kv_cache_usage": {
      "max": 0.009355155351669753,
      "mean": 0.007989980805942667,
      "num_samples": 54,
      "p50": 0.00838358140187101
    },
    "num_errors": 0,
    "num_preemptions": 0.0,
    "num_requests": 160,
    "prompt_tokens_mean": 716.4375,
    "queue_depth": {
      "max": 0.0,
      "mean": 0.0,
      "num_samples": 54,
      "p50": 0.0
    },
    "request_decode_tok_s_mean": 103.53393041313866,
    "request_tok_s_mean": 97.77008685306743,
    "spec_num_drafts": 14350.0,
    "spec_rejected_tok_s": 833.5653822624887,
    "throughput_tok_s": 758.6285841325943,
    "total_completion_tokens": 40960,
    "ttft_ms": {
      "mean": 144.94476279377864,
      "p50": 118.24537799975587,
      "p95": 209.0799526993118,
      "p99": 488.034448459739
    },
    "wall_time_s": 53.992165411000315
  },
  "run_id": "core_factorial_llama-3-1-8b-instruct_fp16-fp8-eagle3_gsm8k_c8_r2",
  "score_details": [
    {
      "correct": true,
      "pred": "125"
    },
    {
      "correct": false,
      "pred": "2"
    },
    {
      "correct": true,
      "pred": "2"
    },
    {
      "correct": true,
      "pred": "80"
    },
    {
      "correct": true,
      "pred": "9"
    },
    {
      "correct": true,
      "pred": "75"
    },
    {
      "correct": true,
      "pred": "200"
    },
    {
      "correct": true,
      "pred": "20"
    },
    {
      "correct": true,
      "pred": "104"
    },
    {
      "correct": true,
      "pred": "3"
    },
    {
      "correct": true,
      "pred": "187"
    },
    {
      "correct": false,
      "pred": "800"
    },
    {
      "correct": false,
      "pred": "7.5"
    },
    {
      "correct": true,
      "pred": "70"
    },
    {
      "correct": true,
      "pred": "623"
    },
    {
      "correct": false,
      "pred": "22"
    },
    {
      "correct": false,
      "pred": "5"
    },
    {
      "correct": true,
      "pred": "12"
    },
    {
      "correct": true,
      "pred": "58"
    },
    {
      "correct": true,
      "pred": "16"
    },
    {
      "correct": true,
      "pred": "360"
    },
    {
      "correct": true,
      "pred": "29"
    },
    {
      "correct": false,
      "pred": "350"
    },
    {
      "correct": false,
      "pred": "14"
    },
    {
      "correct": true,
      "pred": "120"
    },
    {
      "correct": true,
      "pred": "15"
    },
    {
      "correct": true,
      "pred": "160"
    },
    {
      "correct": true,
      "pred": "106"
    },
    {
      "correct": false,
      "pred": "15"
    },
    {
      "correct": true,
      "pred": "4"
    },
    {
      "correct": true,
      "pred": "54"
    },
    {
      "correct": true,
      "pred": "1"
    },
    {
      "correct": true,
      "pred": "276000"
    },
    {
      "correct": true,
      "pred": "12"
    },
    {
      "correct": true,
      "pred": "10"
    },
    {
      "correct": true,
      "pred": "27000"
    },
    {
      "correct": false,
      "pred": "630"
    },
    {
      "correct": true,
      "pred": "6"
    },
    {
      "correct": true,
      "pred": "7"
    },
    {
      "correct": true,
      "pred": "21"
    },
    {
      "correct": true,
      "pred": "3"
    },
    {
      "correct": false,
      "pred": "4"
    },
    {
      "correct": true,
      "pred": "8"
    },
    {
      "correct": true,
      "pred": "31"
    },
    {
      "correct": true,
      "pred": "14"
    },
    {
      "correct": true,
      "pred": "60"
    },
    {
      "correct": true,
      "pred": "160"
    },
    {
      "correct": true,
      "pred": "310"
    },
    {
      "correct": true,
      "pred": "21"
    },
    {
      "correct": true,
      "pred": "20"
    },
    {
      "correct": true,
      "pred": "18"
    },
    {
      "correct": true,
      "pred": "50"
    },
    {
      "correct": true,
      "pred": "15"
    },
    {
      "correct": true,
      "pred": "67"
    },
    {
      "correct": true,
      "pred": "36"
    },
    {
      "correct": true,
      "pred": "12"
    },
    {
      "correct": true,
      "pred": "48"
    },
    {
      "correct": true,
      "pred": "168000"
    },
    {
      "correct": true,
      "pred": "5"
    },
    {
      "correct": true,
      "pred": "150"
    },
    {
      "correct": true,
      "pred": "5"
    },
    {
      "correct": false,
      "pred": "4"
    },
    {
      "correct": true,
      "pred": "49"
    },
    {
      "correct": true,
      "pred": "5"
    },
    {
      "correct": true,
      "pred": "6"
    },
    {
      "correct": true,
      "pred": "-10"
    },
    {
      "correct": false,
      "pred": "58"
    },
    {
      "correct": true,
      "pred": "280"
    },
    {
      "correct": true,
      "pred": "39"
    },
    {
      "correct": true,
      "pred": "16"
    },
    {
      "correct": true,
      "pred": "21"
    },
    {
      "correct": true,
      "pred": "215"
    },
    {
      "correct": false,
      "pred": "4"
    },
    {
      "correct": true,
      "pred": "800"
    },
    {
      "correct": true,
      "pred": "220"
    },
    {
      "correct": false,
      "pred": "24"
    },
    {
      "correct": true,
      "pred": "33"
    },
    {
      "correct": true,
      "pred": "76"
    },
    {
      "correct": true,
      "pred": "4"
    },
    {
      "correct": false,
      "pred": "15"
    },
    {
      "correct": false,
      "pred": "9"
    },
    {
      "correct": true,
      "pred": "1050"
    },
    {
      "correct": false,
      "pred": "372000"
    },
    {
      "correct": true,
      "pred": "10800"
    },
    {
      "correct": true,
      "pred": "360"
    },
    {
      "correct": true,
      "pred": "36"
    },
    {
      "correct": true,
      "pred": "20"
    },
    {
      "correct": true,
      "pred": "298"
    },
    {
      "correct": true,
      "pred": "14"
    },
    {
      "correct": true,
      "pred": "100"
    },
    {
      "correct": true,
      "pred": "200"
    },
    {
      "correct": false,
      "pred": "4"
    },
    {
      "correct": false,
      "pred": "1950"
    },
    {
      "correct": false,