{
  "config": {
    "batch_sample_interval_s": 1.0,
    "block": "core_factorial",
    "concurrency": 8,
    "decoding": "greedy",
    "draft_model": "yuhuili/EAGLE3-LLaMA3.1-Instruct-8B",
    "engine": "vllm",
    "engine_args": {
      "dtype": "float16",
      "enable_prefix_caching": false,
      "extra": [],
      "gpu_memory_utilization": 0.85,
      "host": "127.0.0.1",
      "max_model_len": 8192,
      "num_speculative_tokens": 5,
      "port": 8000,
      "quantization": null
    },
    "factors": {
      "kv_quant": "fp16",
      "spec_decode": "eagle3",
      "weight_quant": "fp16"
    },
    "gpu_target": "a100",
    "model": "meta-llama/Llama-3.1-8B-Instruct",
    "repeat_idx": 2,
    "run_id": "core_factorial_llama-3-1-8b-instruct_fp16-fp16-eagle3_rag_shared_prefix_c8_r2",
    "seed": 1234,
    "warmup_requests": 4,
    "workload": "rag_shared_prefix",
    "workload_params": {
      "max_new_tokens": 256,
      "num_requests": 160,
      "prefix_overlap": "high",
      "spec_bench_file": "external/Spec-Bench/data/spec_bench/question.jsonl"
    }
  },
  "env": {
    "cuda": "13.0",
    "driver": "580.82.07",
    "engine_version": "0.24.0",
    "git_commit": "76252b30f9a56917108d897fb6c1e53d4c674012",
    "gpu_name": "NVIDIA A100-SXM4-80GB",
    "timestamp_utc": "2026-07-10T05:18:50.643035+00:00"
  },
  "measured": {
    "acceptance_rate": 0.3183665740974501,
    "accepted_length_tau": 2.5918328704872504,
    "accuracy": null,
    "e2e_latency_ms": {
      "mean": 1980.4289286998937,
      "p50": 2001.4233949996196,
      "p95": 2397.604260000116,
      "p99": 2645.4225467699143
    },
    "emergent_batch_size": {
      "max": 8.0,
      "mean": 7.390243902439025,
      "num_samples": 41,
      "p50": 8.0
    },
    "goodput_tok_s": 1010.6778935945692,
    "itl_ms": {
      "mean": 18.920570792665465,
      "p50": 16.130971999700705,
      "p95": 44.93048699914652,
      "p99": 57.3095721091704
    },
    "kv_cache_usage": {
      "max": 0.017508714291437966,
      "mean": 0.015312918063673202,
      "num_samples": 41,
      "p50": 0.016426940181898275
    },
    "num_errors": 0,
    "num_preemptions": 0.0,
    "num_requests": 160,
    "prompt_tokens_mean": 697.40625,
    "queue_depth": {
      "max": 0.0,
      "mean": 0.0,
      "num_samples": 41,
      "p50": 0.0
    },
    "request_decode_tok_s_mean": 140.1516188032644,
    "request_tok_s_mean": 132.13115975128326,
    "spec_num_drafts": 15844.0,
    "spec_rejected_tok_s": 1332.4120013723912,
    "throughput_tok_s": 1010.6778935945692,
    "total_completion_tokens": 40960,
    "ttft_ms": {
      "mean": 106.81940595619608,
      "p50": 87.49456500027009,
      "p95": 139.99638119985318,
      "p99": 394.3912040002758
    },
    "wall_time_s": 40.527254291000645
  },
  "run_id": "core_factorial_llama-3-1-8b-instruct_fp16-fp16-eagle3_rag_shared_prefix_c8_r2",
  "score_details": [
    {
      "num_empty_outputs": 0,
      "num_outputs": 160
    }
  ],
  "status": "ok"
}