{
  "config": {
    "batch_sample_interval_s": 1.0,
    "block": "core_factorial",
    "concurrency": 8,
    "decoding": "greedy",
    "draft_model": "yuhuili/EAGLE3-LLaMA3.1-Instruct-8B",
    "engine": "vllm",
    "engine_args": {
      "dtype": "float16",
      "enable_prefix_caching": false,
      "extra": [],
      "gpu_memory_utilization": 0.85,
      "host": "127.0.0.1",
      "max_model_len": 8192,
      "num_speculative_tokens": 5,
      "port": 8000,
      "quantization": null
    },
    "factors": {
      "kv_quant": "fp16",
      "spec_decode": "eagle3",
      "weight_quant": "w4a16"
    },
    "gpu_target": "a100",
    "model": "hugging-quants/Meta-Llama-3.1-8B-Instruct-AWQ-INT4",
    "repeat_idx": 1,
    "run_id": "core_factorial_meta-llama-3-1-8b-instruct-awq-int4_w4a16-fp16-eagle3_gsm8k_c8_r1",
    "seed": 1234,
    "warmup_requests": 4,
    "workload": "gsm8k",
    "workload_params": {
      "max_new_tokens": 256,
      "n_shot": 8,
      "num_requests": 160
    }
  },
  "env": {
    "cuda": "13.0",
    "driver": "580.82.07",
    "engine_version": "0.24.0",
    "git_commit": "76252b30f9a56917108d897fb6c1e53d4c674012",
    "gpu_name": "NVIDIA A100-SXM4-80GB",
    "timestamp_utc": "2026-07-10T03:37:34.625321+00:00"
  },
  "measured": {
    "acceptance_rate": 0.2985730766895379,
    "accepted_length_tau": 2.4928653834476897,
    "accuracy": 0.675,
    "e2e_latency_ms": {
      "mean": 1759.8550339874976,
      "p50": 1783.5361370000555,
      "p95": 2062.649811299957,
      "p99": 2113.4693453501495
    },
    "emergent_batch_size": {
      "max": 8.0,
      "mean": 7.388888888888889,
      "num_samples": 36,
      "p50": 8.0
    },
    "goodput_tok_s": 1143.4067124563358,
    "itl_ms": {
      "mean": 15.919592654805973,
      "p50": 12.236088999998174,
      "p95": 51.059425799940065,
      "p99": 56.79227627984799
    },
    "kv_cache_usage": {
      "max": 0.015639188780143254,
      "mean": 0.013307324073139844,
      "num_samples": 36,
      "p50": 0.014243433222345558
    },
    "num_errors": 0,
    "num_preemptions": 0.0,
    "num_requests": 160,
    "prompt_tokens_mean": 717.175,
    "queue_depth": {
      "max": 0.0,
      "mean": 0.0,
      "num_samples": 36,
      "p50": 0.0
    },
    "request_decode_tok_s_mean": 159.0370203016943,
    "request_tok_s_mean": 147.685914128804,
    "spec_num_drafts": 16469.0,
    "spec_rejected_tok_s": 1612.354206659314,
    "throughput_tok_s": 1143.4067124563358,
    "total_completion_tokens": 40960,
    "ttft_ms": {
      "mean": 121.23146253750008,
      "p50": 95.27263800009678,
      "p95": 218.2388398499139,
      "p99": 456.7820215700791
    },
    "wall_time_s": 35.822773780999796
  },
  "run_id": "core_factorial_meta-llama-3-1-8b-instruct-awq-int4_w4a16-fp16-eagle3_gsm8k_c8_r1",
  "score_details": [
    {
      "correct": true,
      "pred": "18"
    },
    {
      "correct": false,
      "pred": "475"
    },
    {
      "correct": false,
      "pred": "29"
    },
    {
      "correct": true,
      "pred": "230"
    },
    {
      "correct": true,
      "pred": "104"
    },
    {
      "correct": true,
      "pred": "70"
    },
    {
      "correct": false,
      "pred": "30"
    },
    {
      "correct": true,
      "pred": "10"
    },
    {
      "correct": false,
      "pred": "24"
    },
    {
      "correct": true,
      "pred": "187"
    },
    {
      "correct": true,
      "pred": "17"
    },
    {
      "correct": false,
      "pred": "15"
    },
    {
      "correct": true,
      "pred": "58"
    },
    {
      "correct": true,
      "pred": "6"
    },
    {
      "correct": false,
      "pred": "41"
    },
    {
      "correct": true,
      "pred": "140"
    },
    {
      "correct": true,
      "pred": "16"
    },
    {
      "correct": false,
      "pred": "13"
    },
    {
      "correct": true,
      "pred": "1400"
    },
    {
      "correct": false,
      "pred": "1500"
    },
    {
      "correct": true,
      "pred": "130"
    },
    {
      "correct": true,
      "pred": "20"
    },
    {
      "correct": true,
      "pred": "160"
    },
    {
      "correct": true,
      "pred": "24"
    },
    {
      "correct": true,
      "pred": "10"
    },
    {
      "correct": false,
      "pred": "12200"
    },
    {
      "correct": true,
      "pred": "100"
    },
    {
      "correct": false,
      "pred": "120"
    },
    {
      "correct": true,
      "pred": "860"
    },
    {
      "correct": true,
      "pred": "2600"
    },
    {
      "correct": false,
      "pred": "0"
    },
    {
      "correct": false,
      "pred": "36000"
    },
    {
      "correct": true,
      "pred": "3"
    },
    {
      "correct": false,
      "pred": "282"
    },
    {
      "correct": true,
      "pred": "1375"
    },
    {
      "correct": true,
      "pred": "21"
    },
    {
      "correct": true,
      "pred": "3"
    },
    {
      "correct": true,
      "pred": "16"
    },
    {
      "correct": true,
      "pred": "3"
    },
    {
      "correct": true,
      "pred": "4"
    },
    {
      "correct": true,
      "pred": "120000"
    },
    {
      "correct": true,
      "pred": "14"
    },
    {
      "correct": true,
      "pred": "31"
    },
    {
      "correct": false,
      "pred": "6"
    },
    {
      "correct": true,
      "pred": "180000"
    },
    {
      "correct": true,
      "pred": "20"
    },
    {
      "correct": true,
      "pred": "23"
    },
    {
      "correct": true,
      "pred": "9"
    },
    {
      "correct": true,
      "pred": "5"
    },
    {
      "correct": true,
      "pred": "15"
    },
    {
      "correct": true,
      "pred": "67"
    },
    {
      "correct": false,
      "pred": "4"
    },
    {
      "correct": true,
      "pred": "50"
    },
    {
      "correct": false,
      "pred": "28"
    },
    {
      "correct": false,
      "pred": "17"
    },
    {
      "correct": true,
      "pred": "132"
    },
    {
      "correct": false,
      "pred": "6"
    },
    {
      "correct": true,
      "pred": "6"
    },
    {
      "correct": true,
      "pred": "2"
    },
    {
      "correct": true,
      "pred": "50"
    },
    {
      "correct": true,
      "pred": "273"
    },
    {
      "correct": true,
      "pred": "2"
    },
    {
      "correct": true,
      "pred": "300"
    },
    {
      "correct": true,
      "pred": "32"
    },
    {
      "correct": true,
      "pred": "63"
    },
    {
      "correct": true,
      "pred": "39"
    },
    {
      "correct": false,
      "pred": "19"
    },
    {
      "correct": true,
      "pred": "8"
    },
    {
      "correct": true,
      "pred": "7"
    },
    {
      "correct": true,
      "pred": "2"
    },
    {
      "correct": true,
      "pred": "12"
    },
    {
      "correct": false,
      "pred": "114"
    },
    {
      "correct": false,
      "pred": "250000"
    },
    {
      "correct": true,
      "pred": "93000"
    },
    {
      "correct": true,
      "pred": "36"
    },
    {
      "correct": true,
      "pred": "3000"
    },
    {
      "correct": false,
      "pred": "5800"
    },
    {
      "correct": true,
      "pred": "1050"
    },
    {
      "correct": true,
      "pred": "53"
    },
    {
      "correct": false,
      "pred": "25"
    },
    {
      "correct": true,
      "pred": "50"
    },
    {
      "correct": true,
      "pred": "68"
    },
    {
      "correct": true,
      "pred": "8"
    },
    {
      "correct": true,
      "pred": "135"
    },
    {
      "correct": false,
      "pred": "100"
    },
    {
      "correct": true,
      "pred": "120"
    },
    {
      "correct": false,
      "pred": "4"
    },
    {
      "correct": true,
      "pred": "10"
    },
    {
      "correct": false,
      "pred": "13"
    },
    {
      "correct": true,
      "pred": "98"
    },
    {
      "correct": false,
      "pred": "50"
    },
    {
      "correct": false,
      "pred": "6"
    },
    {
      "correct": true,