{
  "config": {
    "batch_sample_interval_s": 1.0,
    "block": "core_factorial",
    "concurrency": 1,
    "decoding": "greedy",
    "draft_model": "yuhuili/EAGLE3-LLaMA3.1-Instruct-8B",
    "engine": "vllm",
    "engine_args": {
      "dtype": "float16",
      "enable_prefix_caching": false,
      "extra": [],
      "gpu_memory_utilization": 0.85,
      "host": "127.0.0.1",
      "max_model_len": 8192,
      "num_speculative_tokens": 5,
      "port": 8000,
      "quantization": null
    },
    "factors": {
      "kv_quant": "fp16",
      "spec_decode": "eagle3",
      "weight_quant": "w4a16"
    },
    "gpu_target": "a100",
    "model": "hugging-quants/Meta-Llama-3.1-8B-Instruct-AWQ-INT4",
    "repeat_idx": 2,
    "run_id": "core_factorial_meta-llama-3-1-8b-instruct-awq-int4_w4a16-fp16-eagle3_gsm8k_c1_r2",
    "seed": 1234,
    "warmup_requests": 4,
    "workload": "gsm8k",
    "workload_params": {
      "max_new_tokens": 256,
      "n_shot": 8,
      "num_requests": 64
    }
  },
  "env": {
    "cuda": "13.0",
    "driver": "580.82.07",
    "engine_version": "0.24.0",
    "git_commit": "76252b30f9a56917108d897fb6c1e53d4c674012",
    "gpu_name": "NVIDIA A100-SXM4-80GB",
    "timestamp_utc": "2026-07-10T06:21:36.171468+00:00"
  },
  "measured": {
    "acceptance_rate": 0.2932231404958678,
    "accepted_length_tau": 2.466115702479339,
    "accuracy": 0.796875,
    "e2e_latency_ms": {
      "mean": 940.2243348280308,
      "p50": 940.6999065004129,
      "p95": 1044.5947931497358,
      "p99": 1095.490370479947
    },
    "emergent_batch_size": {
      "max": 1.0,
      "mean": 0.95,
      "num_samples": 60,
      "p50": 1.0
    },
    "goodput_tok_s": 272.21231651994367,
    "itl_ms": {
      "mean": 8.348935824342183,
      "p50": 8.336266000696924,
      "p95": 8.590959000503062,
      "p99": 9.206026939609728
    },
    "kv_cache_usage": {
      "max": 0.002054340622929085,
      "mean": 0.0016749502982107442,
      "num_samples": 60,
      "p50": 0.0017229953611663795
    },
    "num_errors": 0,
    "num_preemptions": 0.0,
    "num_requests": 64,
    "prompt_tokens_mean": 717.015625,
    "queue_depth": {
      "max": 0.0,
      "mean": 0.0,
      "num_samples": 60,
      "p50": 0.0
    },
    "request_decode_tok_s_mean": 297.21381349211373,
    "request_tok_s_mean": 274.130095255116,
    "spec_num_drafts": 6655.0,
    "spec_rejected_tok_s": 390.7403112741721,
    "throughput_tok_s": 272.21231651994367,
    "total_completion_tokens": 16384,
    "ttft_ms": {
      "mean": 72.06546121869906,
      "p50": 71.55409249935474,
      "p95": 76.20348594909954,
      "p99": 77.35059398093654
    },
    "wall_time_s": 60.18831259899889
  },
  "run_id": "core_factorial_meta-llama-3-1-8b-instruct-awq-int4_w4a16-fp16-eagle3_gsm8k_c1_r2",
  "score_details": [
    {
      "correct": false,
      "pred": "29"
    },
    {
      "correct": false,
      "pred": "17"
    },
    {
      "correct": true,
      "pred": "9"
    },
    {
      "correct": true,
      "pred": "75"
    },
    {
      "correct": true,
      "pred": "200"
    },
    {
      "correct": false,
      "pred": "200"
    },
    {
      "correct": false,
      "pred": "8"
    },
    {
      "correct": true,
      "pred": "12"
    },
    {
      "correct": true,
      "pred": "58"
    },
    {
      "correct": true,
      "pred": "29"
    },
    {
      "correct": false,
      "pred": "466"
    },
    {
      "correct": true,
      "pred": "160"
    },
    {
      "correct": true,
      "pred": "106"
    },
    {
      "correct": false,
      "pred": "12"
    },
    {
      "correct": true,
      "pred": "4"
    },
    {
      "correct": true,
      "pred": "54"
    },
    {
      "correct": true,
      "pred": "7"
    },
    {
      "correct": false,
      "pred": "8"
    },
    {
      "correct": true,
      "pred": "8"
    },
    {
      "correct": true,
      "pred": "21"
    },
    {
      "correct": true,
      "pred": "67"
    },
    {
      "correct": true,
      "pred": "36"
    },
    {
      "correct": true,
      "pred": "12"
    },
    {
      "correct": true,
      "pred": "49"
    },
    {
      "correct": true,
      "pred": "16"
    },
    {
      "correct": true,
      "pred": "215"
    },
    {
      "correct": true,
      "pred": "800"
    },
    {
      "correct": true,
      "pred": "33"
    },
    {
      "correct": true,
      "pred": "76"
    },
    {
      "correct": true,
      "pred": "1050"
    },
    {
      "correct": false,
      "pred": "372000"
    },
    {
      "correct": true,
      "pred": "360"
    },
    {
      "correct": true,
      "pred": "36"
    },
    {
      "correct": true,
      "pred": "14"
    },
    {
      "correct": true,
      "pred": "100"
    },
    {
      "correct": true,
      "pred": "40"
    },
    {
      "correct": true,
      "pred": "12"
    },
    {
      "correct": true,
      "pred": "50"
    },
    {
      "correct": true,
      "pred": "10"
    },
    {
      "correct": true,
      "pred": "11"
    },
    {
      "correct": true,
      "pred": "2"
    },
    {
      "correct": true,
      "pred": "30"
    },
    {
      "correct": true,
      "pred": "15"
    },
    {
      "correct": false,
      "pred": "9000"
    },
    {
      "correct": false,
      "pred": "14"
    },
    {
      "correct": true,
      "pred": "38"
    },
    {
      "correct": true,
      "pred": "540"
    },
    {
      "correct": true,
      "pred": "4"
    },
    {
      "correct": false,
      "pred": "0"
    },
    {
      "correct": true,
      "pred": "10"
    },
    {
      "correct": true,
      "pred": "15"
    },
    {
      "correct": true,
      "pred": "24"
    },
    {
      "correct": true,
      "pred": "131250"
    },
    {
      "correct": false,
      "pred": "1"
    },
    {
      "correct": true,
      "pred": "270"
    },
    {
      "correct": true,
      "pred": "16"
    },
    {
      "correct": true,
      "pred": "38"
    },
    {
      "correct": true,
      "pred": "75"
    },
    {
      "correct": true,
      "pred": "5"
    },
    {
      "correct": true,
      "pred": "7"
    },
    {
      "correct": true,
      "pred": "120"
    },
    {
      "correct": true,
      "pred": "60"
    },
    {
      "correct": true,
      "pred": "16"
    },
    {
      "correct": false,
      "pred": "14"
    }
  ],
  "status": "ok"
}