{
  "config": {
    "batch_sample_interval_s": 1.0,
    "block": "core_factorial",
    "concurrency": 1,
    "decoding": "greedy",
    "draft_model": "yuhuili/EAGLE3-LLaMA3.1-Instruct-8B",
    "engine": "vllm",
    "engine_args": {
      "dtype": "float16",
      "enable_prefix_caching": false,
      "extra": [],
      "gpu_memory_utilization": 0.85,
      "host": "127.0.0.1",
      "max_model_len": 8192,
      "num_speculative_tokens": 5,
      "port": 8000,
      "quantization": null
    },
    "factors": {
      "kv_quant": "fp8",
      "spec_decode": "eagle3",
      "weight_quant": "fp16"
    },
    "gpu_target": "a100",
    "model": "meta-llama/Llama-3.1-8B-Instruct",
    "repeat_idx": 1,
    "run_id": "core_factorial_llama-3-1-8b-instruct_fp16-fp8-eagle3_gsm8k_c1_r1",
    "seed": 1234,
    "warmup_requests": 4,
    "workload": "gsm8k",
    "workload_params": {
      "max_new_tokens": 256,
      "n_shot": 8,
      "num_requests": 64
    }
  },
  "env": {
    "cuda": "13.0",
    "driver": "580.82.07",
    "engine_version": "0.24.0",
    "git_commit": "78c3900f99958d2dc9f6373568067446aec7bba4",
    "gpu_name": "NVIDIA A100-SXM4-80GB",
    "timestamp_utc": "2026-07-09T23:17:39.528877+00:00"
  },
  "measured": {
    "acceptance_rate": 0.3665746809244567,
    "accepted_length_tau": 2.8328734046222834,
    "accuracy": 0.671875,
    "e2e_latency_ms": {
      "mean": 2070.0797455623956,
      "p50": 2016.1743070002558,
      "p95": 2577.1208940499487,
      "p99": 2716.878623390385
    },
    "emergent_batch_size": {
      "max": 1.0,
      "mean": 0.9545454545454546,
      "num_samples": 132,
      "p50": 1.0
    },
    "goodput_tok_s": 123.65463227622942,
    "itl_ms": {
      "mean": 21.86161980921843,
      "p50": 21.869600499485387,
      "p95": 22.32950810039256,
      "p99": 22.927248681116907
    },
    "kv_cache_usage": {
      "max": 0.00123984019837442,
      "mean": 0.0010035310696558815,
      "num_samples": 132,
      "p50": 0.0010430401668863887
    },
    "num_errors": 0,
    "num_preemptions": 0.0,
    "num_requests": 64,
    "prompt_tokens_mean": 713.4375,
    "queue_depth": {
      "max": 0.0,
      "mean": 0.0,
      "num_samples": 132,
      "p50": 0.0
    },
    "request_decode_tok_s_mean": 131.175749965658,
    "request_tok_s_mean": 125.22787121149165,
    "spec_num_drafts": 5798.0,
    "spec_rejected_tok_s": 138.590699004419,
    "throughput_tok_s": 123.65463227622942,
    "total_completion_tokens": 16384,
    "ttft_ms": {
      "mean": 91.60315282812803,
      "p50": 91.20605350017286,
      "p95": 92.68173805030527,
      "p99": 99.02825788070912
    },
    "wall_time_s": 132.49806900399926
  },
  "run_id": "core_factorial_llama-3-1-8b-instruct_fp16-fp8-eagle3_gsm8k_c1_r1",
  "score_details": [
    {
      "correct": false,
      "pred": "30"
    },
    {
      "correct": true,
      "pred": "10"
    },
    {
      "correct": false,
      "pred": "48"
    },
    {
      "correct": true,
      "pred": "187"
    },
    {
      "correct": true,
      "pred": "17"
    },
    {
      "correct": true,
      "pred": "6"
    },
    {
      "correct": true,
      "pred": "130"
    },
    {
      "correct": true,
      "pred": "10"
    },
    {
      "correct": true,
      "pred": "100"
    },
    {
      "correct": true,
      "pred": "21"
    },
    {
      "correct": true,
      "pred": "3"
    },
    {
      "correct": true,
      "pred": "4"
    },
    {
      "correct": true,
      "pred": "120000"
    },
    {
      "correct": false,
      "pred": "35"
    },
    {
      "correct": true,
      "pred": "9"
    },
    {
      "correct": true,
      "pred": "50"
    },
    {
      "correct": true,
      "pred": "56"
    },
    {
      "correct": false,
      "pred": "67"
    },
    {
      "correct": true,
      "pred": "132"
    },
    {
      "correct": false,
      "pred": "18"
    },
    {
      "correct": true,
      "pred": "50"
    },
    {
      "correct": true,
      "pred": "300"
    },
    {
      "correct": true,
      "pred": "7"
    },
    {
      "correct": false,
      "pred": "850000"
    },
    {
      "correct": true,
      "pred": "93000"
    },
    {
      "correct": true,
      "pred": "36"
    },
    {
      "correct": true,
      "pred": "4800"
    },
    {
      "correct": true,
      "pred": "53"
    },
    {
      "correct": false,
      "pred": "25"
    },
    {
      "correct": false,
      "pred": "4"
    },
    {
      "correct": true,
      "pred": "10"
    },
    {
      "correct": true,
      "pred": "98"
    },
    {
      "correct": true,
      "pred": "16"
    },
    {
      "correct": false,
      "pred": "6"
    },
    {
      "correct": true,
      "pred": "25"
    },
    {
      "correct": false,
      "pred": "12"
    },
    {
      "correct": false,
      "pred": "2640000"
    },
    {
      "correct": false,
      "pred": "1200"
    },
    {
      "correct": false,
      "pred": "150"
    },
    {
      "correct": true,
      "pred": "10"
    },
    {
      "correct": true,
      "pred": "123"
    },
    {
      "correct": true,
      "pred": "500"
    },
    {
      "correct": true,
      "pred": "34"
    },
    {
      "correct": false,
      "pred": "4"
    },
    {
      "correct": true,
      "pred": "14"
    },
    {
      "correct": false,
      "pred": "21"
    },
    {
      "correct": false,
      "pred": "8.33"
    },
    {
      "correct": true,
      "pred": "100"
    },
    {
      "correct": true,
      "pred": "7"
    },
    {
      "correct": false,
      "pred": "600"
    },
    {
      "correct": true,
      "pred": "45"
    },
    {
      "correct": true,
      "pred": "2"
    },
    {
      "correct": true,
      "pred": "95"
    },
    {
      "correct": false,
      "pred": "24"
    },
    {
      "correct": true,
      "pred": "26"
    },
    {
      "correct": true,
      "pred": "1000"
    },
    {
      "correct": false,
      "pred": "135"
    },
    {
      "correct": true,
      "pred": "240"
    },
    {
      "correct": false,
      "pred": "20"
    },
    {
      "correct": true,
      "pred": "6"
    },
    {
      "correct": true,
      "pred": "150"
    },
    {
      "correct": true,
      "pred": "75"
    },
    {
      "correct": false,
      "pred": "1"
    },
    {
      "correct": true,
      "pred": "2325"
    }
  ],
  "status": "ok"
}