{
  "config": {
    "batch_sample_interval_s": 1.0,
    "block": "core_factorial",
    "concurrency": 8,
    "decoding": "greedy",
    "draft_model": null,
    "engine": "vllm",
    "engine_args": {
      "dtype": "float16",
      "enable_prefix_caching": false,
      "extra": [],
      "gpu_memory_utilization": 0.85,
      "host": "127.0.0.1",
      "max_model_len": 8192,
      "num_speculative_tokens": 5,
      "port": 8000,
      "quantization": null
    },
    "factors": {
      "kv_quant": "fp8",
      "spec_decode": "none",
      "weight_quant": "w4a16"
    },
    "gpu_target": "a100",
    "model": "hugging-quants/Meta-Llama-3.1-8B-Instruct-AWQ-INT4",
    "repeat_idx": 1,
    "run_id": "core_factorial_meta-llama-3-1-8b-instruct-awq-int4_w4a16-fp8-none_gsm8k_c8_r1",
    "seed": 1234,
    "warmup_requests": 4,
    "workload": "gsm8k",
    "workload_params": {
      "max_new_tokens": 256,
      "n_shot": 8,
      "num_requests": 160
    }
  },
  "env": {
    "cuda": "13.0",
    "driver": "580.82.07",
    "engine_version": "0.24.0",
    "git_commit": "78c3900f99958d2dc9f6373568067446aec7bba4",
    "gpu_name": "NVIDIA A100-SXM4-80GB",
    "timestamp_utc": "2026-07-10T00:15:26.727314+00:00"
  },
  "measured": {
    "acceptance_rate": null,
    "accepted_length_tau": null,
    "accuracy": 0.7125,
    "e2e_latency_ms": {
      "mean": 2109.7976066060937,
      "p50": 2104.3189559986786,
      "p95": 2160.9712272998877,
      "p99": 2172.7921477412747
    },
    "emergent_batch_size": {
      "max": 8.0,
      "mean": 7.357142857142857,
      "num_samples": 42,
      "p50": 8.0
    },
    "goodput_tok_s": 970.2753510864443,
    "itl_ms": {
      "mean": 6.860298750808914,
      "p50": 6.364752500303439,
      "p95": 6.869916199684667,
      "p99": 8.509156422260373
    },
    "kv_cache_usage": {
      "max": 0.007682559797243749,
      "mean": 0.006034034079337431,
      "num_samples": 42,
      "p50": 0.006423253603674961
    },
    "num_errors": 0,
    "num_preemptions": 0.0,
    "num_requests": 160,
    "prompt_tokens_mean": 717.175,
    "queue_depth": {
      "max": 2.0,
      "mean": 0.19047619047619047,
      "num_samples": 42,
      "p50": 0.0
    },
    "request_decode_tok_s_mean": 147.0243427095468,
    "request_tok_s_mean": 121.35081353743219,
    "spec_num_drafts": null,
    "spec_rejected_tok_s": null,
    "throughput_tok_s": 970.2753510864443,
    "total_completion_tokens": 40960,
    "ttft_ms": {
      "mean": 360.4214251498206,
      "p50": 433.19789999986824,
      "p95": 466.9405583501429,
      "p99": 487.2256505081531
    },
    "wall_time_s": 42.2148207249993
  },
  "run_id": "core_factorial_meta-llama-3-1-8b-instruct-awq-int4_w4a16-fp8-none_gsm8k_c8_r1",
  "score_details": [
    {
      "correct": true,
      "pred": "18"
    },
    {
      "correct": false,
      "pred": "275"
    },
    {
      "correct": true,
      "pred": "125"
    },
    {
      "correct": true,
      "pred": "230"
    },
    {
      "correct": true,
      "pred": "104"
    },
    {
      "correct": true,
      "pred": "70"
    },
    {
      "correct": false,
      "pred": "11"
    },
    {
      "correct": true,
      "pred": "10"
    },
    {
      "correct": false,
      "pred": "0"
    },
    {
      "correct": true,
      "pred": "187"
    },
    {
      "correct": true,
      "pred": "17"
    },
    {
      "correct": true,
      "pred": "6"
    },
    {
      "correct": true,
      "pred": "58"
    },
    {
      "correct": true,
      "pred": "6"
    },
    {
      "correct": false,
      "pred": "41"
    },
    {
      "correct": true,
      "pred": "140"
    },
    {
      "correct": true,
      "pred": "16"
    },
    {
      "correct": false,
      "pred": "17"
    },
    {
      "correct": true,
      "pred": "1400"
    },
    {
      "correct": true,
      "pred": "18000"
    },
    {
      "correct": true,
      "pred": "130"
    },
    {
      "correct": true,
      "pred": "20"
    },
    {
      "correct": true,
      "pred": "160"
    },
    {
      "correct": true,
      "pred": "24"
    },
    {
      "correct": true,
      "pred": "10"
    },
    {
      "correct": false,
      "pred": "10200"
    },
    {
      "correct": true,
      "pred": "100"
    },
    {
      "correct": false,
      "pred": "120"
    },
    {
      "correct": true,
      "pred": "860"
    },
    {
      "correct": true,
      "pred": "2600"
    },
    {
      "correct": true,
      "pred": "8"
    },
    {
      "correct": true,
      "pred": "276000"
    },
    {
      "correct": true,
      "pred": "3"
    },
    {
      "correct": false,
      "pred": "118"
    },
    {
      "correct": true,
      "pred": "1375"
    },
    {
      "correct": true,
      "pred": "21"
    },
    {
      "correct": true,
      "pred": "3"
    },
    {
      "correct": true,
      "pred": "16"
    },
    {
      "correct": true,
      "pred": "3"
    },
    {
      "correct": true,
      "pred": "4"
    },
    {
      "correct": true,
      "pred": "120000"
    },
    {
      "correct": true,
      "pred": "14"
    },
    {
      "correct": true,
      "pred": "31"
    },
    {
      "correct": false,
      "pred": "6"
    },
    {
      "correct": true,
      "pred": "180000"
    },
    {
      "correct": true,
      "pred": "20"
    },
    {
      "correct": true,
      "pred": "23"
    },
    {
      "correct": true,
      "pred": "9"
    },
    {
      "correct": true,
      "pred": "5"
    },
    {
      "correct": true,
      "pred": "15"
    },
    {
      "correct": true,
      "pred": "67"
    },
    {
      "correct": false,
      "pred": "4"
    },
    {
      "correct": true,
      "pred": "50"
    },
    {
      "correct": false,
      "pred": "28"
    },
    {
      "correct": false,
      "pred": "99"
    },
    {
      "correct": true,
      "pred": "132"
    },
    {
      "correct": true,
      "pred": "15"
    },
    {
      "correct": true,
      "pred": "6"
    },
    {
      "correct": true,
      "pred": "2"
    },
    {
      "correct": true,
      "pred": "50"
    },
    {
      "correct": true,
      "pred": "273"
    },
    {
      "correct": true,
      "pred": "2"
    },
    {
      "correct": true,
      "pred": "300"
    },
    {
      "correct": true,
      "pred": "32"
    },
    {
      "correct": true,
      "pred": "63"
    },
    {
      "correct": true,
      "pred": "39"
    },
    {
      "correct": false,
      "pred": "28"
    },
    {
      "correct": true,
      "pred": "8"
    },
    {
      "correct": true,
      "pred": "7"
    },
    {
      "correct": true,
      "pred": "2"
    },
    {
      "correct": true,
      "pred": "12"
    },
    {
      "correct": false,
      "pred": "114"
    },
    {
      "correct": false,
      "pred": "850000"
    },
    {
      "correct": true,
      "pred": "93000"
    },
    {
      "correct": true,
      "pred": "36"
    },
    {
      "correct": false,
      "pred": "1500"
    },
    {
      "correct": false,
      "pred": "5200"
    },
    {
      "correct": true,
      "pred": "1050"
    },
    {
      "correct": true,
      "pred": "53"
    },
    {
      "correct": false,
      "pred": "25"
    },
    {
      "correct": true,
      "pred": "50"
    },
    {
      "correct": true,
      "pred": "68"
    },
    {
      "correct": true,
      "pred": "8"
    },
    {
      "correct": true,
      "pred": "135"
    },
    {
      "correct": true,
      "pred": "200"
    },
    {
      "correct": true,
      "pred": "120"
    },
    {
      "correct": false,
      "pred": "4"
    },
    {
      "correct": true,
      "pred": "10"
    },
    {
      "correct": false,
      "pred": "13"
    },
    {
      "correct": true,
      "pred": "98"
    },
    {
      "correct": false,
      "pred": "50"
    },
    {
      "correct": false,
      "pred": "6"
    },
    {
      "correct": true,
      "pred": "16"
    },
    {
      "correct": true,
      "pred": "50"
    },
    {
      "correct": false,