{
  "config": {
    "batch_sample_interval_s": 1.0,
    "block": "core_factorial",
    "concurrency": 1,
    "decoding": "greedy",
    "draft_model": "yuhuili/EAGLE3-LLaMA3.1-Instruct-8B",
    "engine": "vllm",
    "engine_args": {
      "dtype": "float16",
      "enable_prefix_caching": false,
      "extra": [],
      "gpu_memory_utilization": 0.85,
      "host": "127.0.0.1",
      "max_model_len": 8192,
      "num_speculative_tokens": 5,
      "port": 8000,
      "quantization": null
    },
    "factors": {
      "kv_quant": "fp16",
      "spec_decode": "eagle3",
      "weight_quant": "w4a16"
    },
    "gpu_target": "a100",
    "model": "hugging-quants/Meta-Llama-3.1-8B-Instruct-AWQ-INT4",
    "repeat_idx": 0,
    "run_id": "core_factorial_meta-llama-3-1-8b-instruct-awq-int4_w4a16-fp16-eagle3_gsm8k_c1_r0",
    "seed": 1234,
    "warmup_requests": 4,
    "workload": "gsm8k",
    "workload_params": {
      "max_new_tokens": 256,
      "n_shot": 8,
      "num_requests": 64
    }
  },
  "env": {
    "cuda": "13.0",
    "driver": "580.82.07",
    "engine_version": "0.24.0",
    "git_commit": "78c3900f99958d2dc9f6373568067446aec7bba4",
    "gpu_name": "NVIDIA A100-SXM4-80GB",
    "timestamp_utc": "2026-07-09T20:33:03.219372+00:00"
  },
  "measured": {
    "acceptance_rate": 0.2892431466030989,
    "accepted_length_tau": 2.4462157330154946,
    "accuracy": 0.734375,
    "e2e_latency_ms": {
      "mean": 946.0355835312129,
      "p50": 958.3358734994363,
      "p95": 1045.375017300239,
      "p99": 1070.5538189798606
    },
    "emergent_batch_size": {
      "max": 1.0,
      "mean": 0.95,
      "num_samples": 60,
      "p50": 1.0
    },
    "goodput_tok_s": 270.5439029967788,
    "itl_ms": {
      "mean": 8.336117214391836,
      "p50": 8.326850499997818,
      "p95": 8.649029350226556,
      "p99": 9.214417630328175
    },
    "kv_cache_usage": {
      "max": 0.002186123162815745,
      "mean": 0.0017236740322200868,
      "num_samples": 60,
      "p50": 0.0018161638583392703
    },
    "num_errors": 0,
    "num_preemptions": 0.0,
    "num_requests": 64,
    "prompt_tokens_mean": 717.828125,
    "queue_depth": {
      "max": 0.0,
      "mean": 0.0,
      "num_samples": 60,
      "p50": 0.0
    },
    "request_decode_tok_s_mean": 295.1099672260508,
    "request_tok_s_mean": 272.3786895230433,
    "spec_num_drafts": 6712.0,
    "spec_rejected_tok_s": 393.87718006482936,
    "throughput_tok_s": 270.5439029967788,
    "total_completion_tokens": 16384,
    "ttft_ms": {
      "mean": 71.785290671869,
      "p50": 71.82504249976773,
      "p95": 75.82123855022473,
      "p99": 76.72044483025275
    },
    "wall_time_s": 60.55948708699998
  },
  "run_id": "core_factorial_meta-llama-3-1-8b-instruct-awq-int4_w4a16-fp16-eagle3_gsm8k_c1_r0",
  "score_details": [
    {
      "correct": true,
      "pred": "694"
    },
    {
      "correct": false,
      "pred": "29"
    },
    {
      "correct": true,
      "pred": "104"
    },
    {
      "correct": true,
      "pred": "35"
    },
    {
      "correct": true,
      "pred": "9"
    },
    {
      "correct": false,
      "pred": "24"
    },
    {
      "correct": true,
      "pred": "1596"
    },
    {
      "correct": true,
      "pred": "60"
    },
    {
      "correct": true,
      "pred": "348"
    },
    {
      "correct": false,
      "pred": "90"
    },
    {
      "correct": true,
      "pred": "10000"
    },
    {
      "correct": true,
      "pred": "60"
    },
    {
      "correct": true,
      "pred": "20"
    },
    {
      "correct": true,
      "pred": "20"
    },
    {
      "correct": false,
      "pred": "13"
    },
    {
      "correct": true,
      "pred": "1400"
    },
    {
      "correct": true,
      "pred": "1210"
    },
    {
      "correct": false,
      "pred": "28"
    },
    {
      "correct": true,
      "pred": "30"
    },
    {
      "correct": false,
      "pred": "18"
    },
    {
      "correct": false,
      "pred": "12200"
    },
    {
      "correct": true,
      "pred": "21"
    },
    {
      "correct": true,
      "pred": "280"
    },
    {
      "correct": true,
      "pred": "3"
    },
    {
      "correct": true,
      "pred": "370"
    },
    {
      "correct": true,
      "pred": "3200"
    },
    {
      "correct": true,
      "pred": "310"
    },
    {
      "correct": true,
      "pred": "87"
    },
    {
      "correct": true,
      "pred": "45"
    },
    {
      "correct": false,
      "pred": "120000"
    },
    {
      "correct": true,
      "pred": "98"
    },
    {
      "correct": true,
      "pred": "240"
    },
    {
      "correct": false,
      "pred": "1567"
    },
    {
      "correct": true,
      "pred": "110"
    },
    {
      "correct": true,
      "pred": "30"
    },
    {
      "correct": true,
      "pred": "450"
    },
    {
      "correct": true,
      "pred": "76"
    },
    {
      "correct": false,
      "pred": "100"
    },
    {
      "correct": true,
      "pred": "168"
    },
    {
      "correct": true,
      "pred": "10"
    },
    {
      "correct": true,
      "pred": "112"
    },
    {
      "correct": true,
      "pred": "50"
    },
    {
      "correct": true,
      "pred": "8"
    },
    {
      "correct": true,
      "pred": "60"
    },
    {
      "correct": true,
      "pred": "42"
    },
    {
      "correct": false,
      "pred": "10"
    },
    {
      "correct": true,
      "pred": "227"
    },
    {
      "correct": true,
      "pred": "63"
    },
    {
      "correct": true,
      "pred": "15"
    },
    {
      "correct": false,
      "pred": "13"
    },
    {
      "correct": false,
      "pred": "125"
    },
    {
      "correct": false,
      "pred": "83.6"
    },
    {
      "correct": true,
      "pred": "736"
    },
    {
      "correct": true,
      "pred": "2400"
    },
    {
      "correct": false,
      "pred": "24"
    },
    {
      "correct": true,
      "pred": "38"
    },
    {
      "correct": true,
      "pred": "1"
    },
    {
      "correct": true,
      "pred": "20"
    },
    {
      "correct": false,
      "pred": "20"
    },
    {
      "correct": true,
      "pred": "280"
    },
    {
      "correct": true,
      "pred": "240"
    },
    {
      "correct": false,
      "pred": "63"
    },
    {
      "correct": true,
      "pred": "235"
    },
    {
      "correct": true,
      "pred": "70"
    }
  ],
  "status": "ok"
}