{
  "config": {
    "batch_sample_interval_s": 1.0,
    "block": "core_factorial",
    "concurrency": 32,
    "decoding": "greedy",
    "draft_model": "yuhuili/EAGLE3-LLaMA3.1-Instruct-8B",
    "engine": "vllm",
    "engine_args": {
      "dtype": "float16",
      "enable_prefix_caching": false,
      "extra": [],
      "gpu_memory_utilization": 0.85,
      "host": "127.0.0.1",
      "max_model_len": 8192,
      "num_speculative_tokens": 5,
      "port": 8000,
      "quantization": null
    },
    "factors": {
      "kv_quant": "fp16",
      "spec_decode": "eagle3",
      "weight_quant": "fp16"
    },
    "gpu_target": "a100",
    "model": "meta-llama/Llama-3.1-8B-Instruct",
    "repeat_idx": 1,
    "run_id": "core_factorial_llama-3-1-8b-instruct_fp16-fp16-eagle3_rag_shared_prefix_c32_r1",
    "seed": 1234,
    "warmup_requests": 4,
    "workload": "rag_shared_prefix",
    "workload_params": {
      "max_new_tokens": 256,
      "num_requests": 320,
      "prefix_overlap": "high",
      "spec_bench_file": "external/Spec-Bench/data/spec_bench/question.jsonl"
    }
  },
  "env": {
    "cuda": "13.0",
    "driver": "580.82.07",
    "engine_version": "0.24.0",
    "git_commit": "78c3900f99958d2dc9f6373568067446aec7bba4",
    "gpu_name": "NVIDIA A100-SXM4-80GB",
    "timestamp_utc": "2026-07-09T23:47:32.763565+00:00"
  },
  "measured": {
    "acceptance_rate": 0.3142973421406881,
    "accepted_length_tau": 2.5714867107034403,
    "accuracy": null,
    "e2e_latency_ms": {
      "mean": 4453.770529137467,
      "p50": 4487.4729005005065,
      "p95": 5764.756380448944,
      "p99": 6337.050572180125
    },
    "emergent_batch_size": {
      "max": 32.0,
      "mean": 29.630434782608695,
      "num_samples": 46,
      "p50": 32.0
    },
    "goodput_tok_s": 1786.7096023203308,
    "itl_ms": {
      "mean": 42.04794285195464,
      "p50": 29.530355999668245,
      "p95": 86.23197169908951,
      "p99": 145.14567434020134
    },
    "kv_cache_usage": {
      "max": 0.07344044232541369,
      "mean": 0.06216455857170978,
      "num_samples": 46,
      "p50": 0.06592812212027727
    },
    "num_errors": 0,
    "num_preemptions": 0.0,
    "num_requests": 320,
    "prompt_tokens_mean": 710.9125,
    "queue_depth": {
      "max": 11.0,
      "mean": 0.2391304347826087,
      "num_samples": 46,
      "p50": 0.0
    },
    "request_decode_tok_s_mean": 63.17756979099621,
    "request_tok_s_mean": 59.42562934257012,
    "spec_num_drafts": 31943.0,
    "spec_rejected_tok_s": 2388.6117616859824,
    "throughput_tok_s": 1786.7096023203308,
    "total_completion_tokens": 81920,
    "ttft_ms": {
      "mean": 256.4660337625071,
      "p50": 178.96193499927904,
      "p95": 922.851057650223,
      "p99": 1619.8620748797296
    },
    "wall_time_s": 45.84964444899924
  },
  "run_id": "core_factorial_llama-3-1-8b-instruct_fp16-fp16-eagle3_rag_shared_prefix_c32_r1",
  "score_details": [
    {
      "num_empty_outputs": 0,
      "num_outputs": 320
    }
  ],
  "status": "ok"
}