{
  "config": {
    "batch_sample_interval_s": 1.0,
    "block": "core_factorial",
    "concurrency": 8,
    "decoding": "greedy",
    "draft_model": "yuhuili/EAGLE3-LLaMA3.1-Instruct-8B",
    "engine": "vllm",
    "engine_args": {
      "dtype": "float16",
      "enable_prefix_caching": false,
      "extra": [],
      "gpu_memory_utilization": 0.85,
      "host": "127.0.0.1",
      "max_model_len": 8192,
      "num_speculative_tokens": 5,
      "port": 8000,
      "quantization": null
    },
    "factors": {
      "kv_quant": "fp8",
      "spec_decode": "eagle3",
      "weight_quant": "w4a16"
    },
    "gpu_target": "a100",
    "model": "hugging-quants/Meta-Llama-3.1-8B-Instruct-AWQ-INT4",
    "repeat_idx": 1,
    "run_id": "core_factorial_meta-llama-3-1-8b-instruct-awq-int4_w4a16-fp8-eagle3_gsm8k_c8_r1",
    "seed": 1234,
    "warmup_requests": 4,
    "workload": "gsm8k",
    "workload_params": {
      "max_new_tokens": 256,
      "n_shot": 8,
      "num_requests": 160
    }
  },
  "env": {
    "cuda": "13.0",
    "driver": "580.82.07",
    "engine_version": "0.24.0",
    "git_commit": "78c3900f99958d2dc9f6373568067446aec7bba4",
    "gpu_name": "NVIDIA A100-SXM4-80GB",
    "timestamp_utc": "2026-07-10T00:35:45.334992+00:00"
  },
  "measured": {
    "acceptance_rate": 0.29351539942252164,
    "accepted_length_tau": 2.4675769971126083,
    "accuracy": 0.7125,
    "e2e_latency_ms": {
      "mean": 2644.7852612875977,
      "p50": 2660.195141999793,
      "p95": 3049.7153666003214,
      "p99": 3225.4590804301547
    },
    "emergent_batch_size": {
      "max": 8.0,
      "mean": 7.314814814814815,
      "num_samples": 54,
      "p50": 8.0
    },
    "goodput_tok_s": 760.258002019056,
    "itl_ms": {
      "mean": 23.973938655196346,
      "p50": 20.267550500648213,
      "p95": 77.98073470075906,
      "p99": 82.50648629949865
    },
    "kv_cache_usage": {
      "max": 0.007952154536869815,
      "mean": 0.006536904194332007,
      "num_samples": 54,
      "p50": 0.00694156823114267
    },
    "num_errors": 0,
    "num_preemptions": 0.0,
    "num_requests": 160,
    "prompt_tokens_mean": 717.175,
    "queue_depth": {
      "max": 0.0,
      "mean": 0.0,
      "num_samples": 54,
      "p50": 0.0
    },
    "request_decode_tok_s_mean": 104.01910949263704,
    "request_tok_s_mean": 97.83335649000503,
    "spec_num_drafts": 16624.0,
    "spec_rejected_tok_s": 1089.9568030411383,
    "throughput_tok_s": 760.258002019056,
    "total_completion_tokens": 40960,
    "ttft_ms": {
      "mean": 153.8930350126975,
      "p50": 121.39879399910569,
      "p95": 255.2492597000306,
      "p99": 564.2015181719397
    },
    "wall_time_s": 53.87644706299761
  },
  "run_id": "core_factorial_meta-llama-3-1-8b-instruct-awq-int4_w4a16-fp8-eagle3_gsm8k_c8_r1",
  "score_details": [
    {
      "correct": true,
      "pred": "18"
    },
    {
      "correct": false,
      "pred": "355"
    },
    {
      "correct": false,
      "pred": "29"
    },
    {
      "correct": true,
      "pred": "230"
    },
    {
      "correct": true,
      "pred": "104"
    },
    {
      "correct": true,
      "pred": "70"
    },
    {
      "correct": false,
      "pred": "11"
    },
    {
      "correct": true,
      "pred": "10"
    },
    {
      "correct": false,
      "pred": "0"
    },
    {
      "correct": true,
      "pred": "187"
    },
    {
      "correct": true,
      "pred": "17"
    },
    {
      "correct": true,
      "pred": "6"
    },
    {
      "correct": true,
      "pred": "58"
    },
    {
      "correct": true,
      "pred": "6"
    },
    {
      "correct": false,
      "pred": "41"
    },
    {
      "correct": true,
      "pred": "140"
    },
    {
      "correct": true,
      "pred": "16"
    },
    {
      "correct": false,
      "pred": "17"
    },
    {
      "correct": true,
      "pred": "1400"
    },
    {
      "correct": true,
      "pred": "18000"
    },
    {
      "correct": true,
      "pred": "130"
    },
    {
      "correct": true,
      "pred": "20"
    },
    {
      "correct": true,
      "pred": "160"
    },
    {
      "correct": true,
      "pred": "24"
    },
    {
      "correct": true,
      "pred": "10"
    },
    {
      "correct": false,
      "pred": "12200"
    },
    {
      "correct": true,
      "pred": "100"
    },
    {
      "correct": false,
      "pred": "120"
    },
    {
      "correct": true,
      "pred": "860"
    },
    {
      "correct": true,
      "pred": "2600"
    },
    {
      "correct": false,
      "pred": "2"
    },
    {
      "correct": true,
      "pred": "276000"
    },
    {
      "correct": true,
      "pred": "3"
    },
    {
      "correct": false,
      "pred": "400"
    },
    {
      "correct": true,
      "pred": "1375"
    },
    {
      "correct": true,
      "pred": "21"
    },
    {
      "correct": true,
      "pred": "3"
    },
    {
      "correct": true,
      "pred": "16"
    },
    {
      "correct": true,
      "pred": "3"
    },
    {
      "correct": true,
      "pred": "4"
    },
    {
      "correct": true,
      "pred": "120000"
    },
    {
      "correct": true,
      "pred": "14"
    },
    {
      "correct": true,
      "pred": "31"
    },
    {
      "correct": false,
      "pred": "6"
    },
    {
      "correct": false,
      "pred": "210000"
    },
    {
      "correct": true,
      "pred": "20"
    },
    {
      "correct": true,
      "pred": "23"
    },
    {
      "correct": true,
      "pred": "9"
    },
    {
      "correct": true,
      "pred": "5"
    },
    {
      "correct": true,
      "pred": "15"
    },
    {
      "correct": true,
      "pred": "67"
    },
    {
      "correct": false,
      "pred": "4"
    },
    {
      "correct": true,
      "pred": "50"
    },
    {
      "correct": false,
      "pred": "28"
    },
    {
      "correct": false,
      "pred": "33"
    },
    {
      "correct": true,
      "pred": "132"
    },
    {
      "correct": true,
      "pred": "15"
    },
    {
      "correct": true,
      "pred": "6"
    },
    {
      "correct": true,
      "pred": "2"
    },
    {
      "correct": true,
      "pred": "50"
    },
    {
      "correct": true,
      "pred": "273"
    },
    {
      "correct": true,
      "pred": "2"
    },
    {
      "correct": true,
      "pred": "300"
    },
    {
      "correct": true,
      "pred": "32"
    },
    {
      "correct": true,
      "pred": "63"
    },
    {
      "correct": true,
      "pred": "39"
    },
    {
      "correct": false,
      "pred": "5"
    },
    {
      "correct": true,
      "pred": "8"
    },
    {
      "correct": true,
      "pred": "7"
    },
    {
      "correct": true,
      "pred": "2"
    },
    {
      "correct": true,
      "pred": "12"
    },
    {
      "correct": false,
      "pred": "114"
    },
    {
      "correct": false,
      "pred": "850000"
    },
    {
      "correct": false,
      "pred": "90000"
    },
    {
      "correct": true,
      "pred": "36"
    },
    {
      "correct": true,
      "pred": "3000"
    },
    {
      "correct": false,
      "pred": "5200"
    },
    {
      "correct": true,
      "pred": "1050"
    },
    {
      "correct": true,
      "pred": "53"
    },
    {
      "correct": false,
      "pred": "25"
    },
    {
      "correct": true,
      "pred": "50"
    },
    {
      "correct": true,
      "pred": "68"
    },
    {
      "correct": true,
      "pred": "8"
    },
    {
      "correct": true,
      "pred": "135"
    },
    {
      "correct": true,
      "pred": "200"
    },
    {
      "correct": true,
      "pred": "120"
    },
    {
      "correct": false,
      "pred": "4"
    },
    {
      "correct": true,
      "pred": "10"
    },
    {
      "correct": false,
      "pred": "13"
    },
    {
      "correct": true,
      "pred": "98"
    },
    {
      "correct": true,
      "pred": "350"
    },
    {
      "correct": false,
      "pred": "6"
    },
    {
      "correct": true,