{
  "config": {
    "batch_sample_interval_s": 1.0,
    "block": "core_factorial",
    "concurrency": 1,
    "decoding": "greedy",
    "draft_model": "yuhuili/EAGLE3-LLaMA3.1-Instruct-8B",
    "engine": "vllm",
    "engine_args": {
      "dtype": "float16",
      "enable_prefix_caching": false,
      "extra": [],
      "gpu_memory_utilization": 0.85,
      "host": "127.0.0.1",
      "max_model_len": 8192,
      "num_speculative_tokens": 5,
      "port": 8000,
      "quantization": null
    },
    "factors": {
      "kv_quant": "fp8",
      "spec_decode": "eagle3",
      "weight_quant": "fp16"
    },
    "gpu_target": "a100",
    "model": "meta-llama/Llama-3.1-8B-Instruct",
    "repeat_idx": 0,
    "run_id": "core_factorial_llama-3-1-8b-instruct_fp16-fp8-eagle3_rag_shared_prefix_c1_r0",
    "seed": 1234,
    "warmup_requests": 4,
    "workload": "rag_shared_prefix",
    "workload_params": {
      "max_new_tokens": 256,
      "num_requests": 64,
      "prefix_overlap": "high",
      "spec_bench_file": "external/Spec-Bench/data/spec_bench/question.jsonl"
    }
  },
  "env": {
    "cuda": "13.0",
    "driver": "580.82.07",
    "engine_version": "0.24.0",
    "git_commit": "78c3900f99958d2dc9f6373568067446aec7bba4",
    "gpu_name": "NVIDIA A100-SXM4-80GB",
    "timestamp_utc": "2026-07-09T21:07:31.056680+00:00"
  },
  "measured": {
    "acceptance_rate": 0.29498116051243406,
    "accepted_length_tau": 2.47490580256217,
    "accuracy": null,
    "e2e_latency_ms": {
      "mean": 2441.5279424218425,
      "p50": 2364.9650594998093,
      "p95": 3088.666960449426,
      "p99": 4023.6132500495164
    },
    "emergent_batch_size": {
      "max": 1.0,
      "mean": 0.9548387096774194,
      "num_samples": 155,
      "p50": 1.0
    },
    "goodput_tok_s": 104.84333210544746,
    "itl_ms": {
      "mean": 22.70089721323814,
      "p50": 22.64072199977818,
      "p95": 23.708709799757344,
      "p99": 25.108486560275196
    },
    "kv_cache_usage": {
      "max": 0.0012219796069632416,
      "mean": 0.0009725432620199591,
      "num_samples": 155,
      "p50": 0.0010016226286584384
    },
    "num_errors": 0,
    "num_preemptions": 0.0,
    "num_requests": 64,
    "prompt_tokens_mean": 680.078125,
    "queue_depth": {
      "max": 0.0,
      "mean": 0.0,
      "num_samples": 155,
      "p50": 0.0
    },
    "request_decode_tok_s_mean": 112.44816256882956,
    "request_tok_s_mean": 107.86133290492542,
    "spec_num_drafts": 6635.0,
    "spec_rejected_tok_s": 149.66923184901796,
    "throughput_tok_s": 104.84333210544746,
    "total_completion_tokens": 16384,
    "ttft_ms": {
      "mean": 94.46799148439311,
      "p50": 94.40333849988747,
      "p95": 96.61686109939183,
      "p99": 98.39763628983745
    },
    "wall_time_s": 156.27126371299983
  },
  "run_id": "core_factorial_llama-3-1-8b-instruct_fp16-fp8-eagle3_rag_shared_prefix_c1_r0",
  "score_details": [
    {
      "num_empty_outputs": 0,
      "num_outputs": 64
    }
  ],
  "status": "ok"
}