{
  "config": {
    "batch_sample_interval_s": 1.0,
    "block": "core_factorial",
    "concurrency": 8,
    "decoding": "greedy",
    "draft_model": "yuhuili/EAGLE3-LLaMA3.1-Instruct-8B",
    "engine": "vllm",
    "engine_args": {
      "dtype": "float16",
      "enable_prefix_caching": false,
      "extra": [],
      "gpu_memory_utilization": 0.85,
      "host": "127.0.0.1",
      "max_model_len": 8192,
      "num_speculative_tokens": 5,
      "port": 8000,
      "quantization": null
    },
    "factors": {
      "kv_quant": "fp16",
      "spec_decode": "eagle3",
      "weight_quant": "w4a16"
    },
    "gpu_target": "a100",
    "model": "hugging-quants/Meta-Llama-3.1-8B-Instruct-AWQ-INT4",
    "repeat_idx": 2,
    "run_id": "core_factorial_meta-llama-3-1-8b-instruct-awq-int4_w4a16-fp16-eagle3_humaneval_c8_r2",
    "seed": 1234,
    "warmup_requests": 4,
    "workload": "humaneval",
    "workload_params": {
      "max_new_tokens": 512,
      "num_requests": 160,
      "run_correctness": true,
      "tokenizer_model": "hugging-quants/Meta-Llama-3.1-8B-Instruct-AWQ-INT4"
    }
  },
  "env": {
    "cuda": "13.0",
    "driver": "580.82.07",
    "engine_version": "0.24.0",
    "git_commit": "76252b30f9a56917108d897fb6c1e53d4c674012",
    "gpu_name": "NVIDIA A100-SXM4-80GB",
    "timestamp_utc": "2026-07-10T06:32:28.590821+00:00"
  },
  "measured": {
    "acceptance_rate": 0.6011672878137965,
    "accepted_length_tau": 4.0058364390689825,
    "accuracy": 0.6125,
    "e2e_latency_ms": {
      "mean": 1165.1276369750235,
      "p50": 1149.9580210002023,
      "p95": 1619.1050221001199,
      "p99": 1789.8690426398746
    },
    "emergent_batch_size": {
      "max": 8.0,
      "mean": 7.333333333333333,
      "num_samples": 24,
      "p50": 8.0
    },
    "goodput_tok_s": 2382.987411136812,
    "itl_ms": {
      "mean": 12.464558042894522,
      "p50": 11.237511000217637,
      "p95": 25.509486000373727,
      "p99": 34.588954000355386
    },
    "kv_cache_usage": {
      "max": 0.009476474486414865,
      "mean": 0.006412911420366684,
      "num_samples": 24,
      "p50": 0.0065606361829025905
    },
    "num_errors": 0,
    "num_preemptions": 0.0,
    "num_requests": 160,
    "prompt_tokens_mean": 206.825,
    "queue_depth": {
      "max": 0.0,
      "mean": 0.0,
      "num_samples": 24,
      "p50": 0.0
    },
    "request_decode_tok_s_mean": 324.0852454735395,
    "request_tok_s_mean": 306.8742776355424,
    "spec_num_drafts": 14221.0,
    "spec_rejected_tok_s": 1186.0150928822193,
    "throughput_tok_s": 2382.987411136812,
    "total_completion_tokens": 56980,
    "ttft_ms": {
      "mean": 57.26213742500477,
      "p50": 52.10946050010534,
      "p95": 84.40120414961703,
      "p99": 143.3876884601341
    },
    "wall_time_s": 23.91116282599978
  },
  "run_id": "core_factorial_meta-llama-3-1-8b-instruct-awq-int4_w4a16-fp16-eagle3_humaneval_c8_r2",
  "score_details": [
    {
      "correct": false,
      "task_id": "HumanEval/0"
    },
    {
      "correct": true,
      "task_id": "HumanEval/1"
    },
    {
      "correct": true,
      "task_id": "HumanEval/2"
    },
    {
      "correct": true,
      "task_id": "HumanEval/3"
    },
    {
      "correct": true,
      "task_id": "HumanEval/4"
    },
    {
      "correct": true,
      "task_id": "HumanEval/5"
    },
    {
      "correct": false,
      "task_id": "HumanEval/6"
    },
    {
      "correct": true,
      "task_id": "HumanEval/7"
    },
    {
      "correct": true,
      "task_id": "HumanEval/8"
    },
    {
      "correct": true,
      "task_id": "HumanEval/9"
    },
    {
      "correct": false,
      "task_id": "HumanEval/10"
    },
    {
      "correct": true,
      "task_id": "HumanEval/11"
    },
    {
      "correct": true,
      "task_id": "HumanEval/12"
    },
    {
      "correct": true,
      "task_id": "HumanEval/13"
    },
    {
      "correct": true,
      "task_id": "HumanEval/14"
    },
    {
      "correct": true,
      "task_id": "HumanEval/15"
    },
    {
      "correct": true,
      "task_id": "HumanEval/16"
    },
    {
      "correct": false,
      "task_id": "HumanEval/17"
    },
    {
      "correct": false,
      "task_id": "HumanEval/18"
    },
    {
      "correct": true,
      "task_id": "HumanEval/19"
    },
    {
      "correct": true,
      "task_id": "HumanEval/20"
    },
    {
      "correct": true,
      "task_id": "HumanEval/21"
    },
    {
      "correct": true,
      "task_id": "HumanEval/22"
    },
    {
      "correct": true,
      "task_id": "HumanEval/23"
    },
    {
      "correct": true,
      "task_id": "HumanEval/24"
    },
    {
      "correct": true,
      "task_id": "HumanEval/25"
    },
    {
      "correct": false,
      "task_id": "HumanEval/26"
    },
    {
      "correct": false,
      "task_id": "HumanEval/27"
    },
    {
      "correct": true,
      "task_id": "HumanEval/28"
    },
    {
      "correct": true,
      "task_id": "HumanEval/29"
    },
    {
      "correct": true,
      "task_id": "HumanEval/30"
    },
    {
      "correct": true,
      "task_id": "HumanEval/31"
    },
    {
      "correct": true,
      "task_id": "HumanEval/34"
    },
    {
      "correct": true,
      "task_id": "HumanEval/35"
    },
    {
      "correct": true,
      "task_id": "HumanEval/36"
    },
    {
      "correct": true,
      "task_id": "HumanEval/37"
    },
    {
      "correct": false,
      "task_id": "HumanEval/38"
    },
    {
      "correct": false,
      "task_id": "HumanEval/39"
    },
    {
      "correct": true,
      "task_id": "HumanEval/40"
    },
    {
      "correct": false,
      "task_id": "HumanEval/41"
    },
    {
      "correct": true,
      "task_id": "HumanEval/42"
    },
    {
      "correct": true,
      "task_id": "HumanEval/43"
    },
    {
      "correct": true,
      "task_id": "HumanEval/44"
    },
    {
      "correct": true,
      "task_id": "HumanEval/45"
    },
    {
      "correct": false,
      "task_id": "HumanEval/46"
    },
    {
      "correct": true,
      "task_id": "HumanEval/47"
    },
    {
      "correct": true,
      "task_id": "HumanEval/48"
    },
    {
      "correct": true,
      "task_id": "HumanEval/49"
    },
    {
      "correct": false,
      "task_id": "HumanEval/50"
    },
    {
      "correct": true,
      "task_id": "HumanEval/51"
    },
    {
      "correct": true,
      "task_id": "HumanEval/52"
    },
    {
      "correct": true,
      "task_id": "HumanEval/53"
    },
    {
      "correct": true,
      "task_id": "HumanEval/54"
    },
    {
      "correct": false,
      "task_id": "HumanEval/55"
    },
    {
      "correct": true,
      "task_id": "HumanEval/56"
    },
    {
      "correct": true,
      "task_id": "HumanEval/57"
    },
    {
      "correct": true,
      "task_id": "HumanEval/58"
    },
    {
      "correct": true,
      "task_id": "HumanEval/59"
    },
    {
      "correct": true,
      "task_id": "HumanEval/60"
    },
    {
      "correct": false,
      "task_id": "HumanEval/61"
    },
    {
      "correct": false,
      "task_id": "HumanEval/62"
    },
    {
      "correct": true,
      "task_id": "HumanEval/63"
    },
    {
      "correct": false,
      "task_id": "HumanEval/64"
    },
    {
      "correct": false,
      "task_id": "HumanEval/65"
    },
    {
      "correct": true,
      "task_id": "HumanEval/66"
    },
    {
      "correct": false,
      "task_id": "HumanEval/67"
    },
    {
      "correct": true,
      "task_id": "HumanEval/68"
    },
    {
      "correct": true,
      "task_id": "HumanEval/69"
    },
    {
      "correct": true,
      "task_id": "HumanEval/70"
    },
    {
      "correct": true,
      "task_id": "HumanEval/71"
    },
    {
      "correct": true,
      "task_id": "HumanEval/72"
    },
    {
      "correct": false,
      "task_id": "HumanEval/73"
    },
    {
      "correct": true,
      "task_id": "HumanEval/74"
    },
    {
      "correct": true,
      "task_id": "HumanEval/75"
    },
    {
      "correct": false,