{
  "config": {
    "batch_sample_interval_s": 1.0,
    "block": "core_factorial",
    "concurrency": 1,
    "decoding": "greedy",
    "draft_model": null,
    "engine": "vllm",
    "engine_args": {
      "dtype": "float16",
      "enable_prefix_caching": false,
      "extra": [],
      "gpu_memory_utilization": 0.85,
      "host": "127.0.0.1",
      "max_model_len": 8192,
      "num_speculative_tokens": 5,
      "port": 8000,
      "quantization": null
    },
    "factors": {
      "kv_quant": "fp8",
      "spec_decode": "none",
      "weight_quant": "fp16"
    },
    "gpu_target": "a100",
    "model": "meta-llama/Llama-3.1-8B-Instruct",
    "repeat_idx": 2,
    "run_id": "core_factorial_llama-3-1-8b-instruct_fp16-fp8-none_gsm8k_c1_r2",
    "seed": 1234,
    "warmup_requests": 4,
    "workload": "gsm8k",
    "workload_params": {
      "max_new_tokens": 256,
      "n_shot": 8,
      "num_requests": 64
    }
  },
  "env": {
    "cuda": "13.0",
    "driver": "580.82.07",
    "engine_version": "0.24.0",
    "git_commit": "76252b30f9a56917108d897fb6c1e53d4c674012",
    "gpu_name": "NVIDIA A100-SXM4-80GB",
    "timestamp_utc": "2026-07-10T04:19:14.470275+00:00"
  },
  "measured": {
    "acceptance_rate": null,
    "accepted_length_tau": null,
    "accuracy": 0.75,
    "e2e_latency_ms": {
      "mean": 3014.106756531291,
      "p50": 3012.963494500127,
      "p95": 3023.7263452493607,
      "p99": 3026.7990604202446
    },
    "emergent_batch_size": {
      "max": 1.0,
      "mean": 0.9583333333333334,
      "num_samples": 192,
      "p50": 1.0
    },
    "goodput_tok_s": 84.92793258517925,
    "itl_ms": {
      "mean": 11.573159777512277,
      "p50": 11.565489500299009,
      "p95": 11.848926850279895,
      "p99": 12.15853207987493
    },
    "kv_cache_usage": {
      "max": 0.0011817176838333499,
      "mean": 0.0009582594759780962,
      "num_samples": 192,
      "p50": 0.000991118057408591
    },
    "num_errors": 0,
    "num_preemptions": 0.0,
    "num_requests": 64,
    "prompt_tokens_mean": 717.015625,
    "queue_depth": {
      "max": 0.0,
      "mean": 0.0,
      "num_samples": 192,
      "p50": 0.0
    },
    "request_decode_tok_s_mean": 86.7457660536689,
    "request_tok_s_mean": 84.93412542819792,
    "spec_num_drafts": null,
    "spec_rejected_tok_s": null,
    "throughput_tok_s": 84.92793258517925,
    "total_completion_tokens": 16384,
    "ttft_ms": {
      "mean": 62.95101326566055,
      "p50": 62.246516999493906,
      "p95": 66.51034475034974,
      "p99": 75.38325423020068
    },
    "wall_time_s": 192.91650580999976
  },
  "run_id": "core_factorial_llama-3-1-8b-instruct_fp16-fp8-none_gsm8k_c1_r2",
  "score_details": [
    {
      "correct": false,
      "pred": "96"
    },
    {
      "correct": true,
      "pred": "2"
    },
    {
      "correct": true,
      "pred": "9"
    },
    {
      "correct": false,
      "pred": "75.00"
    },
    {
      "correct": true,
      "pred": "200"
    },
    {
      "correct": true,
      "pred": "300"
    },
    {
      "correct": false,
      "pred": "22"
    },
    {
      "correct": true,
      "pred": "12"
    },
    {
      "correct": true,
      "pred": "58"
    },
    {
      "correct": true,
      "pred": "29"
    },
    {
      "correct": false,
      "pred": "350"
    },
    {
      "correct": true,
      "pred": "160"
    },
    {
      "correct": true,
      "pred": "106"
    },
    {
      "correct": false,
      "pred": "15"
    },
    {
      "correct": true,
      "pred": "4"
    },
    {
      "correct": true,
      "pred": "54"
    },
    {
      "correct": true,
      "pred": "7"
    },
    {
      "correct": false,
      "pred": "4"
    },
    {
      "correct": true,
      "pred": "8"
    },
    {
      "correct": true,
      "pred": "21"
    },
    {
      "correct": true,
      "pred": "67"
    },
    {
      "correct": true,
      "pred": "36"
    },
    {
      "correct": true,
      "pred": "12"
    },
    {
      "correct": true,
      "pred": "49"
    },
    {
      "correct": true,
      "pred": "16"
    },
    {
      "correct": true,
      "pred": "215"
    },
    {
      "correct": true,
      "pred": "800"
    },
    {
      "correct": true,
      "pred": "33"
    },
    {
      "correct": true,
      "pred": "76"
    },
    {
      "correct": true,
      "pred": "1050"
    },
    {
      "correct": false,
      "pred": "372000"
    },
    {
      "correct": true,
      "pred": "360"
    },
    {
      "correct": true,
      "pred": "36"
    },
    {
      "correct": true,
      "pred": "14"
    },
    {
      "correct": true,
      "pred": "100"
    },
    {
      "correct": false,
      "pred": "28.57"
    },
    {
      "correct": true,
      "pred": "12"
    },
    {
      "correct": false,
      "pred": "6"
    },
    {
      "correct": true,
      "pred": "10"
    },
    {
      "correct": false,
      "pred": "3"
    },
    {
      "correct": true,
      "pred": "2"
    },
    {
      "correct": true,
      "pred": "30"
    },
    {
      "correct": true,
      "pred": "15"
    },
    {
      "correct": true,
      "pred": "7000"
    },
    {
      "correct": false,
      "pred": "14"
    },
    {
      "correct": true,
      "pred": "38"
    },
    {
      "correct": false,
      "pred": "1071"
    },
    {
      "correct": true,
      "pred": "4"
    },
    {
      "correct": false,
      "pred": "0"
    },
    {
      "correct": true,
      "pred": "10"
    },
    {
      "correct": true,
      "pred": "15"
    },
    {
      "correct": true,
      "pred": "24"
    },
    {
      "correct": false,
      "pred": "133250"
    },
    {
      "correct": false,
      "pred": "135"
    },
    {
      "correct": true,
      "pred": "270"
    },
    {
      "correct": true,
      "pred": "16"
    },
    {
      "correct": true,
      "pred": "38"
    },
    {
      "correct": true,
      "pred": "75"
    },
    {
      "correct": true,
      "pred": "5"
    },
    {
      "correct": false,
      "pred": "1"
    },
    {
      "correct": true,
      "pred": "120"
    },
    {
      "correct": true,
      "pred": "60"
    },
    {
      "correct": true,
      "pred": "16"
    },
    {
      "correct": true,
      "pred": "12"
    }
  ],
  "status": "ok"
}