{
  "config": {
    "batch_sample_interval_s": 1.0,
    "block": "core_factorial",
    "concurrency": 1,
    "decoding": "greedy",
    "draft_model": "yuhuili/EAGLE3-LLaMA3.1-Instruct-8B",
    "engine": "vllm",
    "engine_args": {
      "dtype": "float16",
      "enable_prefix_caching": false,
      "extra": [],
      "gpu_memory_utilization": 0.85,
      "host": "127.0.0.1",
      "max_model_len": 8192,
      "num_speculative_tokens": 5,
      "port": 8000,
      "quantization": null
    },
    "factors": {
      "kv_quant": "fp8",
      "spec_decode": "eagle3",
      "weight_quant": "fp16"
    },
    "gpu_target": "a100",
    "model": "meta-llama/Llama-3.1-8B-Instruct",
    "repeat_idx": 0,
    "run_id": "core_factorial_llama-3-1-8b-instruct_fp16-fp8-eagle3_humaneval_c1_r0",
    "seed": 1234,
    "warmup_requests": 4,
    "workload": "humaneval",
    "workload_params": {
      "max_new_tokens": 512,
      "num_requests": 64,
      "run_correctness": true,
      "tokenizer_model": "meta-llama/Llama-3.1-8B-Instruct"
    }
  },
  "env": {
    "cuda": "13.0",
    "driver": "580.82.07",
    "engine_version": "0.24.0",
    "git_commit": "78c3900f99958d2dc9f6373568067446aec7bba4",
    "gpu_name": "NVIDIA A100-SXM4-80GB",
    "timestamp_utc": "2026-07-09T20:59:24.587710+00:00"
  },
  "measured": {
    "acceptance_rate": 0.6182052225082751,
    "accepted_length_tau": 4.091026112541376,
    "accuracy": 0.765625,
    "e2e_latency_ms": {
      "mean": 1982.0030903593847,
      "p50": 1939.0220925001813,
      "p95": 2745.822663350099,
      "p99": 3307.2111071300146
    },
    "emergent_batch_size": {
      "max": 1.0,
      "mean": 0.9444444444444444,
      "num_samples": 126,
      "p50": 1.0
    },
    "goodput_tok_s": 175.35644427571054,
    "itl_ms": {
      "mean": 22.60956054578906,
      "p50": 22.55095450027511,
      "p95": 23.48340435028149,
      "p99": 24.520280730403105
    },
    "kv_cache_usage": {
      "max": 0.0010016226286584384,
      "mean": 0.000492066989793309,
      "num_samples": 126,
      "p50": 0.0004807788617560149
    },
    "num_errors": 0,
    "num_preemptions": 0.0,
    "num_requests": 64,
    "prompt_tokens_mean": 200.765625,
    "queue_depth": {
      "max": 0.0,
      "mean": 0.0,
      "num_samples": 126,
      "p50": 0.0
    },
    "request_decode_tok_s_mean": 181.76356587179765,
    "request_tok_s_mean": 175.83937893512507,
    "spec_num_drafts": 5438.0,
    "spec_rejected_tok_s": 81.82932877938286,
    "throughput_tok_s": 175.35644427571054,
    "total_completion_tokens": 22246,
    "ttft_ms": {
      "mean": 60.89699273437077,
      "p50": 59.5658059996822,
      "p95": 71.02807129981556,
      "p99": 71.30873597020582
    },
    "wall_time_s": 126.86160518300039
  },
  "run_id": "core_factorial_llama-3-1-8b-instruct_fp16-fp8-eagle3_humaneval_c1_r0",
  "score_details": [
    {
      "correct": true,
      "task_id": "HumanEval/0"
    },
    {
      "correct": true,
      "task_id": "HumanEval/1"
    },
    {
      "correct": true,
      "task_id": "HumanEval/2"
    },
    {
      "correct": true,
      "task_id": "HumanEval/3"
    },
    {
      "correct": true,
      "task_id": "HumanEval/4"
    },
    {
      "correct": true,
      "task_id": "HumanEval/6"
    },
    {
      "correct": true,
      "task_id": "HumanEval/7"
    },
    {
      "correct": true,
      "task_id": "HumanEval/8"
    },
    {
      "correct": true,
      "task_id": "HumanEval/9"
    },
    {
      "correct": true,
      "task_id": "HumanEval/11"
    },
    {
      "correct": true,
      "task_id": "HumanEval/16"
    },
    {
      "correct": true,
      "task_id": "HumanEval/17"
    },
    {
      "correct": true,
      "task_id": "HumanEval/18"
    },
    {
      "correct": true,
      "task_id": "HumanEval/20"
    },
    {
      "correct": true,
      "task_id": "HumanEval/21"
    },
    {
      "correct": true,
      "task_id": "HumanEval/22"
    },
    {
      "correct": true,
      "task_id": "HumanEval/23"
    },
    {
      "correct": true,
      "task_id": "HumanEval/25"
    },
    {
      "correct": true,
      "task_id": "HumanEval/27"
    },
    {
      "correct": true,
      "task_id": "HumanEval/29"
    },
    {
      "correct": true,
      "task_id": "HumanEval/31"
    },
    {
      "correct": false,
      "task_id": "HumanEval/38"
    },
    {
      "correct": true,
      "task_id": "HumanEval/42"
    },
    {
      "correct": true,
      "task_id": "HumanEval/46"
    },
    {
      "correct": true,
      "task_id": "HumanEval/48"
    },
    {
      "correct": true,
      "task_id": "HumanEval/58"
    },
    {
      "correct": true,
      "task_id": "HumanEval/60"
    },
    {
      "correct": true,
      "task_id": "HumanEval/63"
    },
    {
      "correct": false,
      "task_id": "HumanEval/65"
    },
    {
      "correct": true,
      "task_id": "HumanEval/67"
    },
    {
      "correct": true,
      "task_id": "HumanEval/68"
    },
    {
      "correct": true,
      "task_id": "HumanEval/69"
    },
    {
      "correct": true,
      "task_id": "HumanEval/71"
    },
    {
      "correct": false,
      "task_id": "HumanEval/75"
    },
    {
      "correct": false,
      "task_id": "HumanEval/77"
    },
    {
      "correct": false,
      "task_id": "HumanEval/83"
    },
    {
      "correct": false,
      "task_id": "HumanEval/84"
    },
    {
      "correct": true,
      "task_id": "HumanEval/85"
    },
    {
      "correct": true,
      "task_id": "HumanEval/88"
    },
    {
      "correct": true,
      "task_id": "HumanEval/90"
    },
    {
      "correct": true,
      "task_id": "HumanEval/106"
    },
    {
      "correct": true,
      "task_id": "HumanEval/112"
    },
    {
      "correct": true,
      "task_id": "HumanEval/116"
    },
    {
      "correct": false,
      "task_id": "HumanEval/118"
    },
    {
      "correct": true,
      "task_id": "HumanEval/119"
    },
    {
      "correct": true,
      "task_id": "HumanEval/123"
    },
    {
      "correct": true,
      "task_id": "HumanEval/124"
    },
    {
      "correct": false,
      "task_id": "HumanEval/128"
    },
    {
      "correct": false,
      "task_id": "HumanEval/131"
    },
    {
      "correct": false,
      "task_id": "HumanEval/137"
    },
    {
      "correct": true,
      "task_id": "HumanEval/138"
    },
    {
      "correct": true,
      "task_id": "HumanEval/139"
    },
    {
      "correct": false,
      "task_id": "HumanEval/140"
    },
    {
      "correct": true,
      "task_id": "HumanEval/142"
    },
    {
      "correct": true,
      "task_id": "HumanEval/149"
    },
    {
      "correct": true,
      "task_id": "HumanEval/153"
    },
    {
      "correct": true,
      "task_id": "HumanEval/154"
    },
    {
      "correct": false,
      "task_id": "HumanEval/155"
    },
    {
      "correct": true,
      "task_id": "HumanEval/156"
    },
    {
      "correct": true,
      "task_id": "HumanEval/157"
    },
    {
      "correct": false,
      "task_id": "HumanEval/159"
    },
    {
      "correct": false,
      "task_id": "HumanEval/160"
    },
    {
      "correct": true,
      "task_id": "HumanEval/162"
    },
    {
      "correct": false,
      "task_id": "HumanEval/163"
    }
  ],
  "status": "ok"
}