{
  "config": {
    "batch_sample_interval_s": 1.0,
    "block": "core_factorial",
    "concurrency": 8,
    "decoding": "greedy",
    "draft_model": "yuhuili/EAGLE3-LLaMA3.1-Instruct-8B",
    "engine": "vllm",
    "engine_args": {
      "dtype": "float16",
      "enable_prefix_caching": false,
      "extra": [],
      "gpu_memory_utilization": 0.85,
      "host": "127.0.0.1",
      "max_model_len": 8192,
      "num_speculative_tokens": 5,
      "port": 8000,
      "quantization": null
    },
    "factors": {
      "kv_quant": "fp16",
      "spec_decode": "eagle3",
      "weight_quant": "w4a16"
    },
    "gpu_target": "a100",
    "model": "hugging-quants/Meta-Llama-3.1-8B-Instruct-AWQ-INT4",
    "repeat_idx": 0,
    "run_id": "core_factorial_meta-llama-3-1-8b-instruct-awq-int4_w4a16-fp16-eagle3_gsm8k_c8_r0",
    "seed": 1234,
    "warmup_requests": 4,
    "workload": "gsm8k",
    "workload_params": {
      "max_new_tokens": 256,
      "n_shot": 8,
      "num_requests": 160
    }
  },
  "env": {
    "cuda": "13.0",
    "driver": "580.82.07",
    "engine_version": "0.24.0",
    "git_commit": "78c3900f99958d2dc9f6373568067446aec7bba4",
    "gpu_name": "NVIDIA A100-SXM4-80GB",
    "timestamp_utc": "2026-07-09T20:36:04.150344+00:00"
  },
  "measured": {
    "acceptance_rate": 0.29884596695821186,
    "accepted_length_tau": 2.494229834791059,
    "accuracy": 0.7375,
    "e2e_latency_ms": {
      "mean": 1750.5071439437415,
      "p50": 1787.1039074998407,
      "p95": 2018.8925180996646,
      "p99": 2122.569096160432
    },
    "emergent_batch_size": {
      "max": 8.0,
      "mean": 7.555555555555555,
      "num_samples": 36,
      "p50": 8.0
    },
    "goodput_tok_s": 1153.0196820033866,
    "itl_ms": {
      "mean": 15.872470841472266,
      "p50": 12.197740500141663,
      "p95": 50.85780574931958,
      "p99": 55.86930832021607
    },
    "kv_cache_usage": {
      "max": 0.015302862139710105,
      "mean": 0.01363430830689432,
      "num_samples": 36,
      "p50": 0.01431069855043221
    },
    "num_errors": 0,
    "num_preemptions": 0.0,
    "num_requests": 160,
    "prompt_tokens_mean": 716.3125,
    "queue_depth": {
      "max": 0.0,
      "mean": 0.0,
      "num_samples": 36,
      "p50": 0.0
    },
    "request_decode_tok_s_mean": 159.68672924900028,
    "request_tok_s_mean": 148.4720076291883,
    "spec_num_drafts": 16464.0,
    "spec_rejected_tok_s": 1624.7837652723017,
    "throughput_tok_s": 1153.0196820033866,
    "total_completion_tokens": 40960,
    "ttft_ms": {
      "mean": 117.22989435624527,
      "p50": 94.22176150019368,
      "p95": 197.70526640036218,
      "p99": 457.33933533001584
    },
    "wall_time_s": 35.52411172099983
  },
  "run_id": "core_factorial_meta-llama-3-1-8b-instruct-awq-int4_w4a16-fp16-eagle3_gsm8k_c8_r0",
  "score_details": [
    {
      "correct": true,
      "pred": "694"
    },
    {
      "correct": false,
      "pred": "29"
    },
    {
      "correct": true,
      "pred": "104"
    },
    {
      "correct": true,
      "pred": "35"
    },
    {
      "correct": true,
      "pred": "9"
    },
    {
      "correct": false,
      "pred": "24"
    },
    {
      "correct": true,
      "pred": "14"
    },
    {
      "correct": true,
      "pred": "1596"
    },
    {
      "correct": true,
      "pred": "60"
    },
    {
      "correct": true,
      "pred": "100"
    },
    {
      "correct": true,
      "pred": "17"
    },
    {
      "correct": true,
      "pred": "623"
    },
    {
      "correct": false,
      "pred": "8"
    },
    {
      "correct": true,
      "pred": "4"
    },
    {
      "correct": true,
      "pred": "348"
    },
    {
      "correct": true,
      "pred": "12"
    },
    {
      "correct": true,
      "pred": "5"
    },
    {
      "correct": false,
      "pred": "90"
    },
    {
      "correct": true,
      "pred": "50"
    },
    {
      "correct": true,
      "pred": "10000"
    },
    {
      "correct": true,
      "pred": "60"
    },
    {
      "correct": true,
      "pred": "40"
    },
    {
      "correct": true,
      "pred": "20"
    },
    {
      "correct": true,
      "pred": "20"
    },
    {
      "correct": true,
      "pred": "16"
    },
    {
      "correct": false,
      "pred": "13"
    },
    {
      "correct": true,
      "pred": "1400"
    },
    {
      "correct": true,
      "pred": "16"
    },
    {
      "correct": true,
      "pred": "1210"
    },
    {
      "correct": true,
      "pred": "130"
    },
    {
      "correct": false,
      "pred": "28"
    },
    {
      "correct": true,
      "pred": "30"
    },
    {
      "correct": false,
      "pred": "18"
    },
    {
      "correct": false,
      "pred": "12200"
    },
    {
      "correct": true,
      "pred": "2600"
    },
    {
      "correct": true,
      "pred": "4"
    },
    {
      "correct": true,
      "pred": "90"
    },
    {
      "correct": true,
      "pred": "9"
    },
    {
      "correct": true,
      "pred": "21"
    },
    {
      "correct": true,
      "pred": "280"
    },
    {
      "correct": true,
      "pred": "20"
    },
    {
      "correct": true,
      "pred": "18"
    },
    {
      "correct": true,
      "pred": "1375"
    },
    {
      "correct": false,
      "pred": "260"
    },
    {
      "correct": true,
      "pred": "16"
    },
    {
      "correct": true,
      "pred": "3"
    },
    {
      "correct": true,
      "pred": "370"
    },
    {
      "correct": true,
      "pred": "3"
    },
    {
      "correct": true,
      "pred": "3200"
    },
    {
      "correct": true,
      "pred": "120000"
    },
    {
      "correct": true,
      "pred": "156"
    },
    {
      "correct": true,
      "pred": "12"
    },
    {
      "correct": true,
      "pred": "1"
    },
    {
      "correct": true,
      "pred": "310"
    },
    {
      "correct": true,
      "pred": "60"
    },
    {
      "correct": true,
      "pred": "87"
    },
    {
      "correct": true,
      "pred": "10"
    },
    {
      "correct": false,
      "pred": "13"
    },
    {
      "correct": true,
      "pred": "6"
    },
    {
      "correct": true,
      "pred": "45"
    },
    {
      "correct": true,
      "pred": "803"
    },
    {
      "correct": true,
      "pred": "34"
    },
    {
      "correct": true,
      "pred": "168"
    },
    {
      "correct": false,
      "pred": "120000"
    },
    {
      "correct": false,
      "pred": "2500"
    },
    {
      "correct": false,
      "pred": "28"
    },
    {
      "correct": false,
      "pred": "15200"
    },
    {
      "correct": true,
      "pred": "2"
    },
    {
      "correct": true,
      "pred": "98"
    },
    {
      "correct": true,
      "pred": "112"
    },
    {
      "correct": true,
      "pred": "40"
    },
    {
      "correct": true,
      "pred": "240"
    },
    {
      "correct": false,
      "pred": "1567"
    },
    {
      "correct": true,
      "pred": "110"
    },
    {
      "correct": true,
      "pred": "74"
    },
    {
      "correct": true,
      "pred": "48"
    },
    {
      "correct": true,
      "pred": "30"
    },
    {
      "correct": true,
      "pred": "17"
    },
    {
      "correct": true,
      "pred": "450"
    },
    {
      "correct": true,
      "pred": "160"
    },
    {
      "correct": true,
      "pred": "12"
    },
    {
      "correct": true,
      "pred": "10"
    },
    {
      "correct": true,
      "pred": "800"
    },
    {
      "correct": true,
      "pred": "42"
    },
    {
      "correct": true,
      "pred": "312"
    },
    {
      "correct": true,
      "pred": "36"
    },
    {
      "correct": true,
      "pred": "76"
    },
    {
      "correct": true,
      "pred": "160"
    },
    {
      "correct": true,
      "pred": "162000"
    },
    {
      "correct": true,
      "pred": "7"
    },
    {
      "correct": false,
      "pred": "100"
    },
    {
      "correct": true,
      "pred": "8"
    },
    {
      "correct": false,