{
  "config": {
    "batch_sample_interval_s": 1.0,
    "block": "core_factorial",
    "concurrency": 8,
    "decoding": "greedy",
    "draft_model": "yuhuili/EAGLE3-LLaMA3.1-Instruct-8B",
    "engine": "vllm",
    "engine_args": {
      "dtype": "float16",
      "enable_prefix_caching": false,
      "extra": [],
      "gpu_memory_utilization": 0.85,
      "host": "127.0.0.1",
      "max_model_len": 8192,
      "num_speculative_tokens": 5,
      "port": 8000,
      "quantization": null
    },
    "factors": {
      "kv_quant": "fp8",
      "spec_decode": "eagle3",
      "weight_quant": "fp16"
    },
    "gpu_target": "a100",
    "model": "meta-llama/Llama-3.1-8B-Instruct",
    "repeat_idx": 1,
    "run_id": "core_factorial_llama-3-1-8b-instruct_fp16-fp8-eagle3_humaneval_c8_r1",
    "seed": 1234,
    "warmup_requests": 4,
    "workload": "humaneval",
    "workload_params": {
      "max_new_tokens": 512,
      "num_requests": 160,
      "run_correctness": true,
      "tokenizer_model": "meta-llama/Llama-3.1-8B-Instruct"
    }
  },
  "env": {
    "cuda": "13.0",
    "driver": "580.82.07",
    "engine_version": "0.24.0",
    "git_commit": "78c3900f99958d2dc9f6373568067446aec7bba4",
    "gpu_name": "NVIDIA A100-SXM4-80GB",
    "timestamp_utc": "2026-07-09T23:28:24.289210+00:00"
  },
  "measured": {
    "acceptance_rate": 0.6105115523732192,
    "accepted_length_tau": 4.052557761866096,
    "accuracy": 0.6875,
    "e2e_latency_ms": {
      "mean": 2169.581307637577,
      "p50": 2089.1901065006095,
      "p95": 3152.5247826509235,
      "p99": 3745.162243250633
    },
    "emergent_batch_size": {
      "max": 8.0,
      "mean": 7.377777777777778,
      "num_samples": 45,
      "p50": 8.0
    },
    "goodput_tok_s": 1236.2304040419347,
    "itl_ms": {
      "mean": 24.579607868891095,
      "p50": 23.7005754997881,
      "p95": 32.2015272504359,
      "p99": 41.04580345101566
    },
    "kv_cache_usage": {
      "max": 0.006396001023360132,
      "mean": 0.003858155283971512,
      "num_samples": 45,
      "p50": 0.003975360636057745
    },
    "num_errors": 0,
    "num_preemptions": 0.0,
    "num_requests": 160,
    "prompt_tokens_mean": 207.23125,
    "queue_depth": {
      "max": 0.0,
      "mean": 0.0,
      "num_samples": 45,
      "p50": 0.0
    },
    "request_decode_tok_s_mean": 166.94767659868938,
    "request_tok_s_mean": 159.62422119911946,
    "spec_num_drafts": 13547.0,
    "spec_rejected_tok_s": 593.9363075363184,
    "throughput_tok_s": 1236.2304040419347,
    "total_completion_tokens": 54912,
    "ttft_ms": {
      "mean": 88.61025643758467,
      "p50": 86.63448200150015,
      "p95": 123.30841425045921,
      "p99": 160.42455837059606
    },
    "wall_time_s": 44.41890429200066
  },
  "run_id": "core_factorial_llama-3-1-8b-instruct_fp16-fp8-eagle3_humaneval_c8_r1",
  "score_details": [
    {
      "correct": true,
      "task_id": "HumanEval/0"
    },
    {
      "correct": true,
      "task_id": "HumanEval/1"
    },
    {
      "correct": true,
      "task_id": "HumanEval/2"
    },
    {
      "correct": true,
      "task_id": "HumanEval/3"
    },
    {
      "correct": true,
      "task_id": "HumanEval/4"
    },
    {
      "correct": true,
      "task_id": "HumanEval/5"
    },
    {
      "correct": true,
      "task_id": "HumanEval/6"
    },
    {
      "correct": true,
      "task_id": "HumanEval/7"
    },
    {
      "correct": true,
      "task_id": "HumanEval/8"
    },
    {
      "correct": true,
      "task_id": "HumanEval/9"
    },
    {
      "correct": false,
      "task_id": "HumanEval/10"
    },
    {
      "correct": true,
      "task_id": "HumanEval/11"
    },
    {
      "correct": true,
      "task_id": "HumanEval/12"
    },
    {
      "correct": true,
      "task_id": "HumanEval/13"
    },
    {
      "correct": true,
      "task_id": "HumanEval/14"
    },
    {
      "correct": true,
      "task_id": "HumanEval/15"
    },
    {
      "correct": true,
      "task_id": "HumanEval/16"
    },
    {
      "correct": true,
      "task_id": "HumanEval/17"
    },
    {
      "correct": true,
      "task_id": "HumanEval/18"
    },
    {
      "correct": true,
      "task_id": "HumanEval/19"
    },
    {
      "correct": true,
      "task_id": "HumanEval/20"
    },
    {
      "correct": true,
      "task_id": "HumanEval/21"
    },
    {
      "correct": true,
      "task_id": "HumanEval/22"
    },
    {
      "correct": true,
      "task_id": "HumanEval/23"
    },
    {
      "correct": true,
      "task_id": "HumanEval/24"
    },
    {
      "correct": true,
      "task_id": "HumanEval/25"
    },
    {
      "correct": false,
      "task_id": "HumanEval/26"
    },
    {
      "correct": true,
      "task_id": "HumanEval/27"
    },
    {
      "correct": true,
      "task_id": "HumanEval/28"
    },
    {
      "correct": true,
      "task_id": "HumanEval/29"
    },
    {
      "correct": true,
      "task_id": "HumanEval/30"
    },
    {
      "correct": true,
      "task_id": "HumanEval/31"
    },
    {
      "correct": false,
      "task_id": "HumanEval/32"
    },
    {
      "correct": false,
      "task_id": "HumanEval/33"
    },
    {
      "correct": true,
      "task_id": "HumanEval/34"
    },
    {
      "correct": true,
      "task_id": "HumanEval/35"
    },
    {
      "correct": true,
      "task_id": "HumanEval/36"
    },
    {
      "correct": true,
      "task_id": "HumanEval/37"
    },
    {
      "correct": true,
      "task_id": "HumanEval/38"
    },
    {
      "correct": true,
      "task_id": "HumanEval/39"
    },
    {
      "correct": false,
      "task_id": "HumanEval/40"
    },
    {
      "correct": false,
      "task_id": "HumanEval/41"
    },
    {
      "correct": true,
      "task_id": "HumanEval/42"
    },
    {
      "correct": true,
      "task_id": "HumanEval/43"
    },
    {
      "correct": true,
      "task_id": "HumanEval/44"
    },
    {
      "correct": true,
      "task_id": "HumanEval/45"
    },
    {
      "correct": true,
      "task_id": "HumanEval/46"
    },
    {
      "correct": true,
      "task_id": "HumanEval/47"
    },
    {
      "correct": true,
      "task_id": "HumanEval/48"
    },
    {
      "correct": true,
      "task_id": "HumanEval/49"
    },
    {
      "correct": true,
      "task_id": "HumanEval/50"
    },
    {
      "correct": true,
      "task_id": "HumanEval/51"
    },
    {
      "correct": true,
      "task_id": "HumanEval/52"
    },
    {
      "correct": true,
      "task_id": "HumanEval/53"
    },
    {
      "correct": false,
      "task_id": "HumanEval/54"
    },
    {
      "correct": false,
      "task_id": "HumanEval/55"
    },
    {
      "correct": true,
      "task_id": "HumanEval/56"
    },
    {
      "correct": true,
      "task_id": "HumanEval/57"
    },
    {
      "correct": true,
      "task_id": "HumanEval/58"
    },
    {
      "correct": true,
      "task_id": "HumanEval/59"
    },
    {
      "correct": true,
      "task_id": "HumanEval/60"
    },
    {
      "correct": true,
      "task_id": "HumanEval/61"
    },
    {
      "correct": true,
      "task_id": "HumanEval/62"
    },
    {
      "correct": true,
      "task_id": "HumanEval/63"
    },
    {
      "correct": true,
      "task_id": "HumanEval/64"
    },
    {
      "correct": true,
      "task_id": "HumanEval/66"
    },
    {
      "correct": true,
      "task_id": "HumanEval/67"
    },
    {
      "correct": true,
      "task_id": "HumanEval/68"
    },
    {
      "correct": true,
      "task_id": "HumanEval/69"
    },
    {
      "correct": true,
      "task_id": "HumanEval/70"
    },
    {
      "correct": true,
      "task_id": "HumanEval/71"
    },
    {
      "correct": false,
      "task_id": "HumanEval/73"
    },
    {
      "correct": true,
      "task_id": "HumanEval/74"
    },
    {
      "correct": false,
      "task_id": "HumanEval/75"
    },
    {
      "correct": false,
      "task_id": "HumanEval/76"
    },
    {
      "correct": false,