{
  "config": {
    "batch_sample_interval_s": 1.0,
    "block": "core_factorial",
    "concurrency": 1,
    "decoding": "greedy",
    "draft_model": "yuhuili/EAGLE3-LLaMA3.1-Instruct-8B",
    "engine": "vllm",
    "engine_args": {
      "dtype": "float16",
      "enable_prefix_caching": false,
      "extra": [],
      "gpu_memory_utilization": 0.85,
      "host": "127.0.0.1",
      "max_model_len": 8192,
      "num_speculative_tokens": 5,
      "port": 8000,
      "quantization": null
    },
    "factors": {
      "kv_quant": "fp8",
      "spec_decode": "eagle3",
      "weight_quant": "fp16"
    },
    "gpu_target": "a100",
    "model": "meta-llama/Llama-3.1-8B-Instruct",
    "repeat_idx": 0,
    "run_id": "core_factorial_llama-3-1-8b-instruct_fp16-fp8-eagle3_gsm8k_c1_r0",
    "seed": 1234,
    "warmup_requests": 4,
    "workload": "gsm8k",
    "workload_params": {
      "max_new_tokens": 256,
      "n_shot": 8,
      "num_requests": 64
    }
  },
  "env": {
    "cuda": "13.0",
    "driver": "580.82.07",
    "engine_version": "0.24.0",
    "git_commit": "78c3900f99958d2dc9f6373568067446aec7bba4",
    "gpu_name": "NVIDIA A100-SXM4-80GB",
    "timestamp_utc": "2026-07-09T20:53:36.028526+00:00"
  },
  "measured": {
    "acceptance_rate": 0.37075373393539424,
    "accepted_length_tau": 2.8537686696769713,
    "accuracy": 0.8125,
    "e2e_latency_ms": {
      "mean": 2129.9509209843422,
      "p50": 2097.276639499796,
      "p95": 2574.3635203003123,
      "p99": 2670.766558799632
    },
    "emergent_batch_size": {
      "max": 1.0,
      "mean": 0.9338235294117647,
      "num_samples": 136,
      "p50": 1.0
    },
    "goodput_tok_s": 120.1784105163425,
    "itl_ms": {
      "mean": 22.647139757565245,
      "p50": 22.64980249992732,
      "p95": 23.490164349686893,
      "p99": 24.31107288005478
    },
    "kv_cache_usage": {
      "max": 0.0012820769646827435,
      "mean": 0.001010018583045716,
      "num_samples": 136,
      "p50": 0.0010517037600913381
    },
    "num_errors": 0,
    "num_preemptions": 0.0,
    "num_requests": 64,
    "prompt_tokens_mean": 717.828125,
    "queue_depth": {
      "max": 0.0,
      "mean": 0.0,
      "num_samples": 136,
      "p50": 0.0
    },
    "request_decode_tok_s_mean": 127.5557276428351,
    "request_tok_s_mean": 121.71316159636876,
    "spec_num_drafts": 5758.0,
    "spec_rejected_tok_s": 132.88281768274297,
    "throughput_tok_s": 120.1784105163425,
    "total_completion_tokens": 16384,
    "ttft_ms": {
      "mean": 95.2469583905895,
      "p50": 94.34133900003872,
      "p95": 101.56366270030048,
      "p99": 108.84680503975689
    },
    "wall_time_s": 136.33064316299988
  },
  "run_id": "core_factorial_llama-3-1-8b-instruct_fp16-fp8-eagle3_gsm8k_c1_r0",
  "score_details": [
    {
      "correct": true,
      "pred": "694"
    },
    {
      "correct": true,
      "pred": "125"
    },
    {
      "correct": true,
      "pred": "104"
    },
    {
      "correct": true,
      "pred": "35"
    },
    {
      "correct": true,
      "pred": "9"
    },
    {
      "correct": false,
      "pred": "48"
    },
    {
      "correct": true,
      "pred": "1596"
    },
    {
      "correct": true,
      "pred": "60"
    },
    {
      "correct": true,
      "pred": "348"
    },
    {
      "correct": true,
      "pred": "45"
    },
    {
      "correct": true,
      "pred": "10000"
    },
    {
      "correct": true,
      "pred": "60"
    },
    {
      "correct": true,
      "pred": "20"
    },
    {
      "correct": false,
      "pred": "-76"
    },
    {
      "correct": false,
      "pred": "17"
    },
    {
      "correct": true,
      "pred": "1400"
    },
    {
      "correct": true,
      "pred": "1210"
    },
    {
      "correct": true,
      "pred": "23"
    },
    {
      "correct": true,
      "pred": "30"
    },
    {
      "correct": false,
      "pred": "40"
    },
    {
      "correct": true,
      "pred": "114200"
    },
    {
      "correct": true,
      "pred": "21"
    },
    {
      "correct": true,
      "pred": "280"
    },
    {
      "correct": true,
      "pred": "3"
    },
    {
      "correct": true,
      "pred": "370"
    },
    {
      "correct": true,
      "pred": "3200"
    },
    {
      "correct": true,
      "pred": "310"
    },
    {
      "correct": true,
      "pred": "87"
    },
    {
      "correct": true,
      "pred": "45"
    },
    {
      "correct": true,
      "pred": "168000"
    },
    {
      "correct": true,
      "pred": "98"
    },
    {
      "correct": true,
      "pred": "240"
    },
    {
      "correct": false,
      "pred": "550"
    },
    {
      "correct": true,
      "pred": "110"
    },
    {
      "correct": true,
      "pred": "30"
    },
    {
      "correct": false,
      "pred": "750"
    },
    {
      "correct": true,
      "pred": "76"
    },
    {
      "correct": true,
      "pred": "50"
    },
    {
      "correct": true,
      "pred": "168"
    },
    {
      "correct": true,
      "pred": "10"
    },
    {
      "correct": true,
      "pred": "112"
    },
    {
      "correct": false,
      "pred": "6"
    },
    {
      "correct": true,
      "pred": "8"
    },
    {
      "correct": true,
      "pred": "60"
    },
    {
      "correct": true,
      "pred": "42"
    },
    {
      "correct": false,
      "pred": "10"
    },
    {
      "correct": true,
      "pred": "227"
    },
    {
      "correct": true,
      "pred": "63"
    },
    {
      "correct": true,
      "pred": "15"
    },
    {
      "correct": true,
      "pred": "3"
    },
    {
      "correct": false,
      "pred": "62.5"
    },
    {
      "correct": false,
      "pred": "-10"
    },
    {
      "correct": true,
      "pred": "736"
    },
    {
      "correct": true,
      "pred": "2400"
    },
    {
      "correct": true,
      "pred": "26"
    },
    {
      "correct": true,
      "pred": "38"
    },
    {
      "correct": true,
      "pred": "1"
    },
    {
      "correct": true,
      "pred": "20"
    },
    {
      "correct": false,
      "pred": "14"
    },
    {
      "correct": true,
      "pred": "280"
    },
    {
      "correct": true,
      "pred": "240"
    },
    {
      "correct": false,
      "pred": "63"
    },
    {
      "correct": true,
      "pred": "235"
    },
    {
      "correct": true,
      "pred": "70"
    }
  ],
  "status": "ok"
}