{
  "config": {
    "batch_sample_interval_s": 1.0,
    "block": "core_factorial",
    "concurrency": 8,
    "decoding": "greedy",
    "draft_model": "yuhuili/EAGLE3-LLaMA3.1-Instruct-8B",
    "engine": "vllm",
    "engine_args": {
      "dtype": "float16",
      "enable_prefix_caching": false,
      "extra": [],
      "gpu_memory_utilization": 0.85,
      "host": "127.0.0.1",
      "max_model_len": 8192,
      "num_speculative_tokens": 5,
      "port": 8000,
      "quantization": null
    },
    "factors": {
      "kv_quant": "fp8",
      "spec_decode": "eagle3",
      "weight_quant": "w4a16"
    },
    "gpu_target": "a100",
    "model": "hugging-quants/Meta-Llama-3.1-8B-Instruct-AWQ-INT4",
    "repeat_idx": 0,
    "run_id": "core_factorial_meta-llama-3-1-8b-instruct-awq-int4_w4a16-fp8-eagle3_humaneval_c8_r0",
    "seed": 1234,
    "warmup_requests": 4,
    "workload": "humaneval",
    "workload_params": {
      "max_new_tokens": 512,
      "num_requests": 160,
      "run_correctness": true,
      "tokenizer_model": "hugging-quants/Meta-Llama-3.1-8B-Instruct-AWQ-INT4"
    }
  },
  "env": {
    "cuda": "13.0",
    "driver": "580.82.07",
    "engine_version": "0.24.0",
    "git_commit": "78c3900f99958d2dc9f6373568067446aec7bba4",
    "gpu_name": "NVIDIA A100-SXM4-80GB",
    "timestamp_utc": "2026-07-09T21:27:43.108738+00:00"
  },
  "measured": {
    "acceptance_rate": 0.5994872860805099,
    "accepted_length_tau": 3.9974364304025496,
    "accuracy": 0.66875,
    "e2e_latency_ms": {
      "mean": 1986.9250681874519,
      "p50": 1956.3188225001795,
      "p95": 2792.5437071003216,
      "p99": 3113.1971589698423
    },
    "emergent_batch_size": {
      "max": 8.0,
      "mean": 7.2926829268292686,
      "num_samples": 41,
      "p50": 8.0
    },
    "goodput_tok_s": 1414.6117842880572,
    "itl_ms": {
      "mean": 21.071438410309273,
      "p50": 19.759586999498424,
      "p95": 35.28963980006665,
      "p99": 45.75750155981952
    },
    "kv_cache_usage": {
      "max": 0.005263423411303703,
      "mean": 0.003256161338918449,
      "num_samples": 41,
      "p50": 0.0033800258967158214
    },
    "num_errors": 0,
    "num_preemptions": 0.0,
    "num_requests": 160,
    "prompt_tokens_mean": 207.8,
    "queue_depth": {
      "max": 0.0,
      "mean": 0.0,
      "num_samples": 41,
      "p50": 0.0
    },
    "request_decode_tok_s_mean": 190.89322226434845,
    "request_tok_s_mean": 181.96910722076035,
    "spec_num_drafts": 14433.0,
    "spec_rejected_tok_s": 708.6789683724081,
    "throughput_tok_s": 1414.6117842880572,
    "total_completion_tokens": 57694,
    "ttft_ms": {
      "mean": 86.1496270874909,
      "p50": 79.06188449987894,
      "p95": 110.93532089930626,
      "p99": 173.48913686011656
    },
    "wall_time_s": 40.784334359999775
  },
  "run_id": "core_factorial_meta-llama-3-1-8b-instruct-awq-int4_w4a16-fp8-eagle3_humaneval_c8_r0",
  "score_details": [
    {
      "correct": true,
      "task_id": "HumanEval/0"
    },
    {
      "correct": true,
      "task_id": "HumanEval/1"
    },
    {
      "correct": true,
      "task_id": "HumanEval/2"
    },
    {
      "correct": true,
      "task_id": "HumanEval/3"
    },
    {
      "correct": true,
      "task_id": "HumanEval/4"
    },
    {
      "correct": true,
      "task_id": "HumanEval/5"
    },
    {
      "correct": false,
      "task_id": "HumanEval/6"
    },
    {
      "correct": true,
      "task_id": "HumanEval/7"
    },
    {
      "correct": true,
      "task_id": "HumanEval/8"
    },
    {
      "correct": true,
      "task_id": "HumanEval/9"
    },
    {
      "correct": false,
      "task_id": "HumanEval/10"
    },
    {
      "correct": true,
      "task_id": "HumanEval/11"
    },
    {
      "correct": true,
      "task_id": "HumanEval/12"
    },
    {
      "correct": true,
      "task_id": "HumanEval/13"
    },
    {
      "correct": true,
      "task_id": "HumanEval/14"
    },
    {
      "correct": true,
      "task_id": "HumanEval/15"
    },
    {
      "correct": true,
      "task_id": "HumanEval/16"
    },
    {
      "correct": false,
      "task_id": "HumanEval/17"
    },
    {
      "correct": false,
      "task_id": "HumanEval/18"
    },
    {
      "correct": true,
      "task_id": "HumanEval/19"
    },
    {
      "correct": true,
      "task_id": "HumanEval/20"
    },
    {
      "correct": true,
      "task_id": "HumanEval/21"
    },
    {
      "correct": true,
      "task_id": "HumanEval/22"
    },
    {
      "correct": true,
      "task_id": "HumanEval/23"
    },
    {
      "correct": true,
      "task_id": "HumanEval/24"
    },
    {
      "correct": true,
      "task_id": "HumanEval/25"
    },
    {
      "correct": false,
      "task_id": "HumanEval/26"
    },
    {
      "correct": false,
      "task_id": "HumanEval/27"
    },
    {
      "correct": true,
      "task_id": "HumanEval/28"
    },
    {
      "correct": true,
      "task_id": "HumanEval/29"
    },
    {
      "correct": true,
      "task_id": "HumanEval/30"
    },
    {
      "correct": true,
      "task_id": "HumanEval/31"
    },
    {
      "correct": false,
      "task_id": "HumanEval/32"
    },
    {
      "correct": false,
      "task_id": "HumanEval/33"
    },
    {
      "correct": true,
      "task_id": "HumanEval/34"
    },
    {
      "correct": true,
      "task_id": "HumanEval/35"
    },
    {
      "correct": true,
      "task_id": "HumanEval/36"
    },
    {
      "correct": true,
      "task_id": "HumanEval/37"
    },
    {
      "correct": true,
      "task_id": "HumanEval/38"
    },
    {
      "correct": false,
      "task_id": "HumanEval/39"
    },
    {
      "correct": true,
      "task_id": "HumanEval/40"
    },
    {
      "correct": false,
      "task_id": "HumanEval/41"
    },
    {
      "correct": true,
      "task_id": "HumanEval/42"
    },
    {
      "correct": true,
      "task_id": "HumanEval/43"
    },
    {
      "correct": true,
      "task_id": "HumanEval/44"
    },
    {
      "correct": true,
      "task_id": "HumanEval/45"
    },
    {
      "correct": false,
      "task_id": "HumanEval/46"
    },
    {
      "correct": true,
      "task_id": "HumanEval/47"
    },
    {
      "correct": true,
      "task_id": "HumanEval/48"
    },
    {
      "correct": true,
      "task_id": "HumanEval/49"
    },
    {
      "correct": true,
      "task_id": "HumanEval/50"
    },
    {
      "correct": true,
      "task_id": "HumanEval/51"
    },
    {
      "correct": true,
      "task_id": "HumanEval/52"
    },
    {
      "correct": true,
      "task_id": "HumanEval/53"
    },
    {
      "correct": true,
      "task_id": "HumanEval/54"
    },
    {
      "correct": true,
      "task_id": "HumanEval/55"
    },
    {
      "correct": true,
      "task_id": "HumanEval/56"
    },
    {
      "correct": true,
      "task_id": "HumanEval/57"
    },
    {
      "correct": true,
      "task_id": "HumanEval/58"
    },
    {
      "correct": true,
      "task_id": "HumanEval/59"
    },
    {
      "correct": true,
      "task_id": "HumanEval/60"
    },
    {
      "correct": true,
      "task_id": "HumanEval/61"
    },
    {
      "correct": true,
      "task_id": "HumanEval/62"
    },
    {
      "correct": true,
      "task_id": "HumanEval/63"
    },
    {
      "correct": false,
      "task_id": "HumanEval/64"
    },
    {
      "correct": false,
      "task_id": "HumanEval/65"
    },
    {
      "correct": true,
      "task_id": "HumanEval/66"
    },
    {
      "correct": true,
      "task_id": "HumanEval/67"
    },
    {
      "correct": true,
      "task_id": "HumanEval/68"
    },
    {
      "correct": true,
      "task_id": "HumanEval/69"
    },
    {
      "correct": true,
      "task_id": "HumanEval/70"
    },
    {
      "correct": true,
      "task_id": "HumanEval/71"
    },
    {
      "correct": true,
      "task_id": "HumanEval/72"
    },
    {
      "correct": true,
      "task_id": "HumanEval/73"
    },
    {
      "correct": true,