{
  "config": {
    "batch_sample_interval_s": 1.0,
    "block": "core_factorial",
    "concurrency": 1,
    "decoding": "greedy",
    "draft_model": "yuhuili/EAGLE3-LLaMA3.1-Instruct-8B",
    "engine": "vllm",
    "engine_args": {
      "dtype": "float16",
      "enable_prefix_caching": false,
      "extra": [],
      "gpu_memory_utilization": 0.85,
      "host": "127.0.0.1",
      "max_model_len": 8192,
      "num_speculative_tokens": 5,
      "port": 8000,
      "quantization": null
    },
    "factors": {
      "kv_quant": "fp16",
      "spec_decode": "eagle3",
      "weight_quant": "fp16"
    },
    "gpu_target": "a100",
    "model": "meta-llama/Llama-3.1-8B-Instruct",
    "repeat_idx": 2,
    "run_id": "core_factorial_llama-3-1-8b-instruct_fp16-fp16-eagle3_rag_shared_prefix_c1_r2",
    "seed": 1234,
    "warmup_requests": 4,
    "workload": "rag_shared_prefix",
    "workload_params": {
      "max_new_tokens": 256,
      "num_requests": 64,
      "prefix_overlap": "high",
      "spec_bench_file": "external/Spec-Bench/data/spec_bench/question.jsonl"
    }
  },
  "env": {
    "cuda": "13.0",
    "driver": "580.82.07",
    "engine_version": "0.24.0",
    "git_commit": "76252b30f9a56917108d897fb6c1e53d4c674012",
    "gpu_name": "NVIDIA A100-SXM4-80GB",
    "timestamp_utc": "2026-07-10T05:15:58.470487+00:00"
  },
  "measured": {
    "acceptance_rate": 0.3042396313364055,
    "accepted_length_tau": 2.5211981566820274,
    "accuracy": null,
    "e2e_latency_ms": {
      "mean": 1484.1344030312484,
      "p50": 1492.601903501054,
      "p95": 1849.9938837505397,
      "p99": 1899.1842111305778
    },
    "emergent_batch_size": {
      "max": 1.0,
      "mean": 0.9894736842105263,
      "num_samples": 95,
      "p50": 1.0
    },
    "goodput_tok_s": 172.46625542317744,
    "itl_ms": {
      "mean": 13.96376513748049,
      "p50": 13.947314999313676,
      "p95": 14.253535449370247,
      "p99": 14.954391628434674
    },
    "kv_cache_usage": {
      "max": 0.0024039424656436825,
      "mean": 0.0019956939907764546,
      "num_samples": 95,
      "p50": 0.002003285388036402
    },
    "num_errors": 0,
    "num_preemptions": 0.0,
    "num_requests": 64,
    "prompt_tokens_mean": 680.078125,
    "queue_depth": {
      "max": 0.0,
      "mean": 0.0,
      "num_samples": 95,
      "p50": 0.0
    },
    "request_decode_tok_s_mean": 183.67490962629145,
    "request_tok_s_mean": 175.51283364329154,
    "spec_num_drafts": 6510.0,
    "spec_rejected_tok_s": 238.3937552837341,
    "throughput_tok_s": 172.46625542317744,
    "total_completion_tokens": 16384,
    "ttft_ms": {
      "mean": 63.75766795315485,
      "p50": 65.43284650069836,
      "p95": 66.36269564905888,
      "p99": 66.49060234954959
    },
    "wall_time_s": 94.99829378100003
  },
  "run_id": "core_factorial_llama-3-1-8b-instruct_fp16-fp16-eagle3_rag_shared_prefix_c1_r2",
  "score_details": [
    {
      "num_empty_outputs": 0,
      "num_outputs": 64
    }
  ],
  "status": "ok"
}