{
  "config": {
    "batch_sample_interval_s": 1.0,
    "block": "core_factorial",
    "concurrency": 1,
    "decoding": "greedy",
    "draft_model": "yuhuili/EAGLE3-LLaMA3.1-Instruct-8B",
    "engine": "vllm",
    "engine_args": {
      "dtype": "float16",
      "enable_prefix_caching": false,
      "extra": [],
      "gpu_memory_utilization": 0.85,
      "host": "127.0.0.1",
      "max_model_len": 8192,
      "num_speculative_tokens": 5,
      "port": 8000,
      "quantization": null
    },
    "factors": {
      "kv_quant": "fp16",
      "spec_decode": "eagle3",
      "weight_quant": "w4a16"
    },
    "gpu_target": "a100",
    "model": "hugging-quants/Meta-Llama-3.1-8B-Instruct-AWQ-INT4",
    "repeat_idx": 1,
    "run_id": "core_factorial_meta-llama-3-1-8b-instruct-awq-int4_w4a16-fp16-eagle3_humaneval_c1_r1",
    "seed": 1234,
    "warmup_requests": 4,
    "workload": "humaneval",
    "workload_params": {
      "max_new_tokens": 512,
      "num_requests": 64,
      "run_correctness": true,
      "tokenizer_model": "hugging-quants/Meta-Llama-3.1-8B-Instruct-AWQ-INT4"
    }
  },
  "env": {
    "cuda": "13.0",
    "driver": "580.82.07",
    "engine_version": "0.24.0",
    "git_commit": "76252b30f9a56917108d897fb6c1e53d4c674012",
    "gpu_name": "NVIDIA A100-SXM4-80GB",
    "timestamp_utc": "2026-07-10T03:39:12.574871+00:00"
  },
  "measured": {
    "acceptance_rate": 0.6005687520910004,
    "accepted_length_tau": 4.002843760455002,
    "accuracy": 0.5625,
    "e2e_latency_ms": {
      "mean": 780.1917445781826,
      "p50": 778.4565835002013,
      "p95": 1068.8840211999375,
      "p99": 1145.4647083901814
    },
    "emergent_batch_size": {
      "max": 1.0,
      "mean": 0.94,
      "num_samples": 50,
      "p50": 1.0
    },
    "goodput_tok_s": 479.0801271854941,
    "itl_ms": {
      "mean": 7.9971764011376285,
      "p50": 7.98711249990447,
      "p95": 8.324790500137167,
      "p99": 8.545710359931034
    },
    "kv_cache_usage": {
      "max": 0.0016480005381226404,
      "mean": 0.0008778125315306218,
      "num_samples": 50,
      "p50": 0.0008576329331045907
    },
    "num_errors": 0,
    "num_preemptions": 0.0,
    "num_requests": 64,
    "prompt_tokens_mean": 214.171875,
    "queue_depth": {
      "max": 0.0,
      "mean": 0.0,
      "num_samples": 50,
      "p50": 0.0
    },
    "request_decode_tok_s_mean": 503.1831379580213,
    "request_tok_s_mean": 480.4369867080323,
    "spec_num_drafts": 5978.0,
    "spec_rejected_tok_s": 239.0395201633072,
    "throughput_tok_s": 479.0801271854941,
    "total_completion_tokens": 23928,
    "ttft_ms": {
      "mean": 33.20548635942089,
      "p50": 32.1836675002487,
      "p95": 42.89688849992216,
      "p99": 46.887280660102974
    },
    "wall_time_s": 49.94571605500005
  },
  "run_id": "core_factorial_meta-llama-3-1-8b-instruct-awq-int4_w4a16-fp16-eagle3_humaneval_c1_r1",
  "score_details": [
    {
      "correct": true,
      "task_id": "HumanEval/2"
    },
    {
      "correct": true,
      "task_id": "HumanEval/4"
    },
    {
      "correct": true,
      "task_id": "HumanEval/7"
    },
    {
      "correct": true,
      "task_id": "HumanEval/9"
    },
    {
      "correct": false,
      "task_id": "HumanEval/18"
    },
    {
      "correct": true,
      "task_id": "HumanEval/20"
    },
    {
      "correct": true,
      "task_id": "HumanEval/24"
    },
    {
      "correct": true,
      "task_id": "HumanEval/25"
    },
    {
      "correct": false,
      "task_id": "HumanEval/38"
    },
    {
      "correct": false,
      "task_id": "HumanEval/39"
    },
    {
      "correct": true,
      "task_id": "HumanEval/45"
    },
    {
      "correct": true,
      "task_id": "HumanEval/49"
    },
    {
      "correct": false,
      "task_id": "HumanEval/50"
    },
    {
      "correct": true,
      "task_id": "HumanEval/52"
    },
    {
      "correct": true,
      "task_id": "HumanEval/53"
    },
    {
      "correct": true,
      "task_id": "HumanEval/54"
    },
    {
      "correct": true,
      "task_id": "HumanEval/56"
    },
    {
      "correct": true,
      "task_id": "HumanEval/58"
    },
    {
      "correct": true,
      "task_id": "HumanEval/59"
    },
    {
      "correct": false,
      "task_id": "HumanEval/61"
    },
    {
      "correct": false,
      "task_id": "HumanEval/64"
    },
    {
      "correct": true,
      "task_id": "HumanEval/66"
    },
    {
      "correct": false,
      "task_id": "HumanEval/67"
    },
    {
      "correct": true,
      "task_id": "HumanEval/74"
    },
    {
      "correct": false,
      "task_id": "HumanEval/83"
    },
    {
      "correct": false,
      "task_id": "HumanEval/84"
    },
    {
      "correct": true,
      "task_id": "HumanEval/88"
    },
    {
      "correct": true,
      "task_id": "HumanEval/89"
    },
    {
      "correct": true,
      "task_id": "HumanEval/92"
    },
    {
      "correct": false,
      "task_id": "HumanEval/93"
    },
    {
      "correct": true,
      "task_id": "HumanEval/95"
    },
    {
      "correct": false,
      "task_id": "HumanEval/96"
    },
    {
      "correct": false,
      "task_id": "HumanEval/99"
    },
    {
      "correct": false,
      "task_id": "HumanEval/100"
    },
    {
      "correct": true,
      "task_id": "HumanEval/105"
    },
    {
      "correct": true,
      "task_id": "HumanEval/108"
    },
    {
      "correct": false,
      "task_id": "HumanEval/109"
    },
    {
      "correct": false,
      "task_id": "HumanEval/110"
    },
    {
      "correct": true,
      "task_id": "HumanEval/112"
    },
    {
      "correct": true,
      "task_id": "HumanEval/113"
    },
    {
      "correct": false,
      "task_id": "HumanEval/114"
    },
    {
      "correct": true,
      "task_id": "HumanEval/117"
    },
    {
      "correct": false,
      "task_id": "HumanEval/118"
    },
    {
      "correct": false,
      "task_id": "HumanEval/120"
    },
    {
      "correct": true,
      "task_id": "HumanEval/123"
    },
    {
      "correct": false,
      "task_id": "HumanEval/125"
    },
    {
      "correct": false,
      "task_id": "HumanEval/126"
    },
    {
      "correct": false,
      "task_id": "HumanEval/129"
    },
    {
      "correct": false,
      "task_id": "HumanEval/132"
    },
    {
      "correct": true,
      "task_id": "HumanEval/133"
    },
    {
      "correct": false,
      "task_id": "HumanEval/135"
    },
    {
      "correct": true,
      "task_id": "HumanEval/136"
    },
    {
      "correct": false,
      "task_id": "HumanEval/137"
    },
    {
      "correct": true,
      "task_id": "HumanEval/139"
    },
    {
      "correct": false,
      "task_id": "HumanEval/140"
    },
    {
      "correct": true,
      "task_id": "HumanEval/144"
    },
    {
      "correct": true,
      "task_id": "HumanEval/148"
    },
    {
      "correct": false,
      "task_id": "HumanEval/151"
    },
    {
      "correct": false,
      "task_id": "HumanEval/152"
    },
    {
      "correct": true,
      "task_id": "HumanEval/156"
    },
    {
      "correct": true,
      "task_id": "HumanEval/158"
    },
    {
      "correct": false,
      "task_id": "HumanEval/159"
    },
    {
      "correct": true,
      "task_id": "HumanEval/161"
    },
    {
      "correct": true,
      "task_id": "HumanEval/162"
    }
  ],
  "status": "ok"
}