{
  "config": {
    "batch_sample_interval_s": 1.0,
    "block": "core_factorial",
    "concurrency": 1,
    "decoding": "greedy",
    "draft_model": null,
    "engine": "vllm",
    "engine_args": {
      "dtype": "float16",
      "enable_prefix_caching": false,
      "extra": [],
      "gpu_memory_utilization": 0.85,
      "host": "127.0.0.1",
      "max_model_len": 8192,
      "num_speculative_tokens": 5,
      "port": 8000,
      "quantization": null
    },
    "factors": {
      "kv_quant": "fp8",
      "spec_decode": "none",
      "weight_quant": "w4a16"
    },
    "gpu_target": "a100",
    "model": "hugging-quants/Meta-Llama-3.1-8B-Instruct-AWQ-INT4",
    "repeat_idx": 2,
    "run_id": "core_factorial_meta-llama-3-1-8b-instruct-awq-int4_w4a16-fp8-none_gsm8k_c1_r2",
    "seed": 1234,
    "warmup_requests": 4,
    "workload": "gsm8k",
    "workload_params": {
      "max_new_tokens": 256,
      "n_shot": 8,
      "num_requests": 64
    }
  },
  "env": {
    "cuda": "13.0",
    "driver": "580.82.07",
    "engine_version": "0.24.0",
    "git_commit": "76252b30f9a56917108d897fb6c1e53d4c674012",
    "gpu_name": "NVIDIA A100-SXM4-80GB",
    "timestamp_utc": "2026-07-10T05:41:36.603975+00:00"
  },
  "measured": {
    "acceptance_rate": null,
    "accepted_length_tau": null,
    "accuracy": 0.765625,
    "e2e_latency_ms": {
      "mean": 1555.940328906189,
      "p50": 1555.5139509997389,
      "p95": 1561.7926531004741,
      "p99": 1563.9035074297135
    },
    "emergent_batch_size": {
      "max": 1.0,
      "mean": 0.9494949494949495,
      "num_samples": 99,
      "p50": 1.0
    },
    "goodput_tok_s": 164.50796216121054,
    "itl_ms": {
      "mean": 5.8094514980393575,
      "p50": 5.812080999930913,
      "p95": 6.026604250473611,
      "p99": 6.180869301060739
    },
    "kv_cache_usage": {
      "max": 0.00099499293875982,
      "mean": 0.0008097083299291524,
      "num_samples": 99,
      "p50": 0.0008505584799075594
    },
    "num_errors": 0,
    "num_preemptions": 0.0,
    "num_requests": 64,
    "prompt_tokens_mean": 717.015625,
    "queue_depth": {
      "max": 0.0,
      "mean": 0.0,
      "num_samples": 99,
      "p50": 0.0
    },
    "request_decode_tok_s_mean": 172.80853006312668,
    "request_tok_s_mean": 164.5313288715577,
    "spec_num_drafts": null,
    "spec_rejected_tok_s": null,
    "throughput_tok_s": 164.50796216121054,
    "total_completion_tokens": 16384,
    "ttft_ms": {
      "mean": 74.53019690615292,
      "p50": 74.2331789997479,
      "p95": 78.66302904976692,
      "p99": 80.44704003992592
    },
    "wall_time_s": 99.59396362799998
  },
  "run_id": "core_factorial_meta-llama-3-1-8b-instruct-awq-int4_w4a16-fp8-none_gsm8k_c1_r2",
  "score_details": [
    {
      "correct": true,
      "pred": "125"
    },
    {
      "correct": true,
      "pred": "2"
    },
    {
      "correct": true,
      "pred": "9"
    },
    {
      "correct": true,
      "pred": "75"
    },
    {
      "correct": true,
      "pred": "200"
    },
    {
      "correct": false,
      "pred": "200"
    },
    {
      "correct": false,
      "pred": "8"
    },
    {
      "correct": false,
      "pred": "6"
    },
    {
      "correct": true,
      "pred": "58"
    },
    {
      "correct": true,
      "pred": "29"
    },
    {
      "correct": false,
      "pred": "280"
    },
    {
      "correct": true,
      "pred": "160"
    },
    {
      "correct": true,
      "pred": "106"
    },
    {
      "correct": false,
      "pred": "12"
    },
    {
      "correct": true,
      "pred": "4"
    },
    {
      "correct": true,
      "pred": "54"
    },
    {
      "correct": true,
      "pred": "7"
    },
    {
      "correct": false,
      "pred": "8"
    },
    {
      "correct": true,
      "pred": "8"
    },
    {
      "correct": true,
      "pred": "21"
    },
    {
      "correct": true,
      "pred": "67"
    },
    {
      "correct": true,
      "pred": "36"
    },
    {
      "correct": true,
      "pred": "12"
    },
    {
      "correct": true,
      "pred": "49"
    },
    {
      "correct": true,
      "pred": "16"
    },
    {
      "correct": true,
      "pred": "215"
    },
    {
      "correct": true,
      "pred": "800"
    },
    {
      "correct": true,
      "pred": "33"
    },
    {
      "correct": true,
      "pred": "76"
    },
    {
      "correct": true,
      "pred": "1050"
    },
    {
      "correct": false,
      "pred": "372000"
    },
    {
      "correct": true,
      "pred": "360"
    },
    {
      "correct": true,
      "pred": "36"
    },
    {
      "correct": true,
      "pred": "14"
    },
    {
      "correct": true,
      "pred": "100"
    },
    {
      "correct": true,
      "pred": "40"
    },
    {
      "correct": true,
      "pred": "12"
    },
    {
      "correct": true,
      "pred": "50"
    },
    {
      "correct": true,
      "pred": "10"
    },
    {
      "correct": false,
      "pred": "11.00"
    },
    {
      "correct": false,
      "pred": "10"
    },
    {
      "correct": true,
      "pred": "30"
    },
    {
      "correct": true,
      "pred": "15"
    },
    {
      "correct": false,
      "pred": "9000"
    },
    {
      "correct": false,
      "pred": "14"
    },
    {
      "correct": true,
      "pred": "38"
    },
    {
      "correct": false,
      "pred": "966"
    },
    {
      "correct": true,
      "pred": "4"
    },
    {
      "correct": false,
      "pred": "4"
    },
    {
      "correct": true,
      "pred": "10"
    },
    {
      "correct": true,
      "pred": "15"
    },
    {
      "correct": true,
      "pred": "24"
    },
    {
      "correct": true,
      "pred": "131250"
    },
    {
      "correct": false,
      "pred": "1"
    },
    {
      "correct": true,
      "pred": "270"
    },
    {
      "correct": true,
      "pred": "16"
    },
    {
      "correct": true,
      "pred": "38"
    },
    {
      "correct": true,
      "pred": "75"
    },
    {
      "correct": true,
      "pred": "5"
    },
    {
      "correct": true,
      "pred": "7"
    },
    {
      "correct": true,
      "pred": "120"
    },
    {
      "correct": true,
      "pred": "60"
    },
    {
      "correct": true,
      "pred": "16"
    },
    {
      "correct": false,
      "pred": "14"
    }
  ],
  "status": "ok"
}