{
  "config": {
    "batch_sample_interval_s": 1.0,
    "block": "core_factorial",
    "concurrency": 1,
    "decoding": "greedy",
    "draft_model": null,
    "engine": "vllm",
    "engine_args": {
      "dtype": "float16",
      "enable_prefix_caching": false,
      "extra": [],
      "gpu_memory_utilization": 0.85,
      "host": "127.0.0.1",
      "max_model_len": 8192,
      "num_speculative_tokens": 5,
      "port": 8000,
      "quantization": null
    },
    "factors": {
      "kv_quant": "fp8",
      "spec_decode": "none",
      "weight_quant": "w4a16"
    },
    "gpu_target": "a100",
    "model": "hugging-quants/Meta-Llama-3.1-8B-Instruct-AWQ-INT4",
    "repeat_idx": 0,
    "run_id": "core_factorial_meta-llama-3-1-8b-instruct-awq-int4_w4a16-fp8-none_gsm8k_c1_r0",
    "seed": 1234,
    "warmup_requests": 4,
    "workload": "gsm8k",
    "workload_params": {
      "max_new_tokens": 256,
      "n_shot": 8,
      "num_requests": 64
    }
  },
  "env": {
    "cuda": "13.0",
    "driver": "580.82.07",
    "engine_version": "0.24.0",
    "git_commit": "78c3900f99958d2dc9f6373568067446aec7bba4",
    "gpu_name": "NVIDIA A100-SXM4-80GB",
    "timestamp_utc": "2026-07-09T21:39:55.396732+00:00"
  },
  "measured": {
    "acceptance_rate": null,
    "accepted_length_tau": null,
    "accuracy": 0.78125,
    "e2e_latency_ms": {
      "mean": 1551.0613789061551,
      "p50": 1550.7668185000512,
      "p95": 1557.4910435494528,
      "p99": 1562.3864286610296
    },
    "emergent_batch_size": {
      "max": 1.0,
      "mean": 0.9595959595959596,
      "num_samples": 99,
      "p50": 1.0
    },
    "goodput_tok_s": 165.02829217200522,
    "itl_ms": {
      "mean": 5.794088127879381,
      "p50": 5.794972000330745,
      "p95": 5.987056349931663,
      "p99": 6.2375456602967425
    },
    "kv_cache_usage": {
      "max": 0.001027089485171384,
      "mean": 0.0008194345561144961,
      "num_samples": 99,
      "p50": 0.0008505584799075594
    },
    "num_errors": 0,
    "num_preemptions": 0.0,
    "num_requests": 64,
    "prompt_tokens_mean": 717.828125,
    "queue_depth": {
      "max": 0.0,
      "mean": 0.0,
      "num_samples": 99,
      "p50": 0.0
    },
    "request_decode_tok_s_mean": 173.26702422340145,
    "request_tok_s_mean": 165.04928637298966,
    "spec_num_drafts": null,
    "spec_rejected_tok_s": null,
    "throughput_tok_s": 165.02829217200522,
    "total_completion_tokens": 16384,
    "ttft_ms": {
      "mean": 73.56890629691293,
      "p50": 73.25905699963187,
      "p95": 77.83362394993674,
      "p99": 79.64395122018686
    },
    "wall_time_s": 99.27994639200006
  },
  "run_id": "core_factorial_meta-llama-3-1-8b-instruct-awq-int4_w4a16-fp8-none_gsm8k_c1_r0",
  "score_details": [
    {
      "correct": true,
      "pred": "694"
    },
    {
      "correct": true,
      "pred": "125"
    },
    {
      "correct": true,
      "pred": "104"
    },
    {
      "correct": true,
      "pred": "35"
    },
    {
      "correct": true,
      "pred": "9"
    },
    {
      "correct": false,
      "pred": "0"
    },
    {
      "correct": true,
      "pred": "1596"
    },
    {
      "correct": true,
      "pred": "60"
    },
    {
      "correct": false,
      "pred": "388"
    },
    {
      "correct": true,
      "pred": "45"
    },
    {
      "correct": true,
      "pred": "10000"
    },
    {
      "correct": true,
      "pred": "60"
    },
    {
      "correct": true,
      "pred": "20"
    },
    {
      "correct": true,
      "pred": "20"
    },
    {
      "correct": false,
      "pred": "17"
    },
    {
      "correct": true,
      "pred": "1400"
    },
    {
      "correct": true,
      "pred": "1210"
    },
    {
      "correct": false,
      "pred": "30"
    },
    {
      "correct": true,
      "pred": "30"
    },
    {
      "correct": false,
      "pred": "12"
    },
    {
      "correct": false,
      "pred": "10200"
    },
    {
      "correct": true,
      "pred": "21"
    },
    {
      "correct": true,
      "pred": "280"
    },
    {
      "correct": true,
      "pred": "3"
    },
    {
      "correct": true,
      "pred": "370"
    },
    {
      "correct": true,
      "pred": "3200"
    },
    {
      "correct": true,
      "pred": "310"
    },
    {
      "correct": true,
      "pred": "87"
    },
    {
      "correct": true,
      "pred": "45"
    },
    {
      "correct": true,
      "pred": "168000"
    },
    {
      "correct": true,
      "pred": "98"
    },
    {
      "correct": true,
      "pred": "240"
    },
    {
      "correct": false,
      "pred": "1567"
    },
    {
      "correct": true,
      "pred": "110"
    },
    {
      "correct": true,
      "pred": "30"
    },
    {
      "correct": true,
      "pred": "450"
    },
    {
      "correct": true,
      "pred": "76"
    },
    {
      "correct": true,
      "pred": "50"
    },
    {
      "correct": true,
      "pred": "168"
    },
    {
      "correct": true,
      "pred": "10"
    },
    {
      "correct": true,
      "pred": "112"
    },
    {
      "correct": true,
      "pred": "50"
    },
    {
      "correct": true,
      "pred": "8"
    },
    {
      "correct": false,
      "pred": "44.4"
    },
    {
      "correct": true,
      "pred": "42"
    },
    {
      "correct": false,
      "pred": "10"
    },
    {
      "correct": true,
      "pred": "227"
    },
    {
      "correct": true,
      "pred": "63"
    },
    {
      "correct": true,
      "pred": "15"
    },
    {
      "correct": true,
      "pred": "3"
    },
    {
      "correct": false,
      "pred": "125"
    },
    {
      "correct": false,
      "pred": "86"
    },
    {
      "correct": true,
      "pred": "736"
    },
    {
      "correct": true,
      "pred": "2400"
    },
    {
      "correct": true,
      "pred": "26"
    },
    {
      "correct": true,
      "pred": "38"
    },
    {
      "correct": false,
      "pred": "9"
    },
    {
      "correct": true,
      "pred": "20"
    },
    {
      "correct": false,
      "pred": "3"
    },
    {
      "correct": true,
      "pred": "280"
    },
    {
      "correct": true,
      "pred": "240"
    },
    {
      "correct": false,
      "pred": "63"
    },
    {
      "correct": true,
      "pred": "235"
    },
    {
      "correct": true,
      "pred": "70"
    }
  ],
  "status": "ok"
}