{
  "config": {
    "batch_sample_interval_s": 1.0,
    "block": "core_factorial",
    "concurrency": 8,
    "decoding": "greedy",
    "draft_model": "yuhuili/EAGLE3-LLaMA3.1-Instruct-8B",
    "engine": "vllm",
    "engine_args": {
      "dtype": "float16",
      "enable_prefix_caching": false,
      "extra": [],
      "gpu_memory_utilization": 0.85,
      "host": "127.0.0.1",
      "max_model_len": 8192,
      "num_speculative_tokens": 5,
      "port": 8000,
      "quantization": null
    },
    "factors": {
      "kv_quant": "fp8",
      "spec_decode": "eagle3",
      "weight_quant": "w4a16"
    },
    "gpu_target": "a100",
    "model": "hugging-quants/Meta-Llama-3.1-8B-Instruct-AWQ-INT4",
    "repeat_idx": 0,
    "run_id": "core_factorial_meta-llama-3-1-8b-instruct-awq-int4_w4a16-fp8-eagle3_gsm8k_c8_r0",
    "seed": 1234,
    "warmup_requests": 4,
    "workload": "gsm8k",
    "workload_params": {
      "max_new_tokens": 256,
      "n_shot": 8,
      "num_requests": 160
    }
  },
  "env": {
    "cuda": "13.0",
    "driver": "580.82.07",
    "engine_version": "0.24.0",
    "git_commit": "78c3900f99958d2dc9f6373568067446aec7bba4",
    "gpu_name": "NVIDIA A100-SXM4-80GB",
    "timestamp_utc": "2026-07-09T21:19:16.738281+00:00"
  },
  "measured": {
    "acceptance_rate": 0.29535375506011724,
    "accepted_length_tau": 2.4767687753005863,
    "accuracy": 0.74375,
    "e2e_latency_ms": {
      "mean": 2648.380830918751,
      "p50": 2636.263537499417,
      "p95": 3039.5863922995877,
      "p99": 3236.292384859771
    },
    "emergent_batch_size": {
      "max": 8.0,
      "mean": 7.333333333333333,
      "num_samples": 54,
      "p50": 8.0
    },
    "goodput_tok_s": 759.5445582307518,
    "itl_ms": {
      "mean": 24.13970424717544,
      "p50": 20.402895000188437,
      "p95": 78.50791600003504,
      "p99": 82.20460399979856
    },
    "kv_cache_usage": {
      "max": 0.007735382649200373,
      "mean": 0.006652304514984649,
      "num_samples": 54,
      "p50": 0.006978660433517747
    },
    "num_errors": 0,
    "num_preemptions": 0.0,
    "num_requests": 160,
    "prompt_tokens_mean": 716.3125,
    "queue_depth": {
      "max": 0.0,
      "mean": 0.0,
      "num_samples": 54,
      "p50": 0.0
    },
    "request_decode_tok_s_mean": 103.660855523546,
    "request_tok_s_mean": 97.60505880903902,
    "spec_num_drafts": 16551.0,
    "spec_rejected_tok_s": 1081.3310992214315,
    "throughput_tok_s": 759.5445582307518,
    "total_completion_tokens": 40960,
    "ttft_ms": {
      "mean": 151.27929969999627,
      "p50": 121.90007800018066,
      "p95": 190.82602065000017,
      "p99": 568.3284997101417
    },
    "wall_time_s": 53.92705346399998
  },
  "run_id": "core_factorial_meta-llama-3-1-8b-instruct-awq-int4_w4a16-fp8-eagle3_gsm8k_c8_r0",
  "score_details": [
    {
      "correct": true,
      "pred": "694"
    },
    {
      "correct": false,
      "pred": "29"
    },
    {
      "correct": true,
      "pred": "104"
    },
    {
      "correct": true,
      "pred": "35"
    },
    {
      "correct": true,
      "pred": "9"
    },
    {
      "correct": false,
      "pred": "0"
    },
    {
      "correct": true,
      "pred": "14"
    },
    {
      "correct": true,
      "pred": "1596"
    },
    {
      "correct": true,
      "pred": "60"
    },
    {
      "correct": true,
      "pred": "100"
    },
    {
      "correct": true,
      "pred": "17"
    },
    {
      "correct": true,
      "pred": "623"
    },
    {
      "correct": false,
      "pred": "8"
    },
    {
      "correct": true,
      "pred": "4"
    },
    {
      "correct": false,
      "pred": "388"
    },
    {
      "correct": false,
      "pred": "6"
    },
    {
      "correct": true,
      "pred": "5"
    },
    {
      "correct": true,
      "pred": "45"
    },
    {
      "correct": true,
      "pred": "50"
    },
    {
      "correct": true,
      "pred": "10000"
    },
    {
      "correct": true,
      "pred": "60"
    },
    {
      "correct": true,
      "pred": "40"
    },
    {
      "correct": true,
      "pred": "20"
    },
    {
      "correct": true,
      "pred": "20"
    },
    {
      "correct": true,
      "pred": "16"
    },
    {
      "correct": false,
      "pred": "17"
    },
    {
      "correct": true,
      "pred": "1400"
    },
    {
      "correct": true,
      "pred": "16"
    },
    {
      "correct": true,
      "pred": "1210"
    },
    {
      "correct": true,
      "pred": "130"
    },
    {
      "correct": false,
      "pred": "28"
    },
    {
      "correct": true,
      "pred": "30"
    },
    {
      "correct": false,
      "pred": "12"
    },
    {
      "correct": false,
      "pred": "12200"
    },
    {
      "correct": true,
      "pred": "2600"
    },
    {
      "correct": true,
      "pred": "4"
    },
    {
      "correct": true,
      "pred": "90"
    },
    {
      "correct": true,
      "pred": "9"
    },
    {
      "correct": true,
      "pred": "21"
    },
    {
      "correct": true,
      "pred": "280"
    },
    {
      "correct": false,
      "pred": "17"
    },
    {
      "correct": true,
      "pred": "18"
    },
    {
      "correct": true,
      "pred": "1375"
    },
    {
      "correct": false,
      "pred": "260"
    },
    {
      "correct": true,
      "pred": "16"
    },
    {
      "correct": true,
      "pred": "3"
    },
    {
      "correct": true,
      "pred": "370"
    },
    {
      "correct": true,
      "pred": "3"
    },
    {
      "correct": true,
      "pred": "3200"
    },
    {
      "correct": true,
      "pred": "120000"
    },
    {
      "correct": true,
      "pred": "156"
    },
    {
      "correct": true,
      "pred": "12"
    },
    {
      "correct": true,
      "pred": "1"
    },
    {
      "correct": true,
      "pred": "310"
    },
    {
      "correct": true,
      "pred": "60"
    },
    {
      "correct": true,
      "pred": "87"
    },
    {
      "correct": true,
      "pred": "10"
    },
    {
      "correct": false,
      "pred": "60"
    },
    {
      "correct": true,
      "pred": "6"
    },
    {
      "correct": true,
      "pred": "45"
    },
    {
      "correct": true,
      "pred": "803"
    },
    {
      "correct": false,
      "pred": "36"
    },
    {
      "correct": true,
      "pred": "168"
    },
    {
      "correct": true,
      "pred": "168000"
    },
    {
      "correct": false,
      "pred": "2500"
    },
    {
      "correct": false,
      "pred": "28"
    },
    {
      "correct": false,
      "pred": "15200"
    },
    {
      "correct": true,
      "pred": "2"
    },
    {
      "correct": true,
      "pred": "98"
    },
    {
      "correct": true,
      "pred": "112"
    },
    {
      "correct": true,
      "pred": "40"
    },
    {
      "correct": true,
      "pred": "240"
    },
    {
      "correct": false,
      "pred": "1567"
    },
    {
      "correct": true,
      "pred": "110"
    },
    {
      "correct": true,
      "pred": "74"
    },
    {
      "correct": true,
      "pred": "48"
    },
    {
      "correct": true,
      "pred": "30"
    },
    {
      "correct": true,
      "pred": "17"
    },
    {
      "correct": true,
      "pred": "450"
    },
    {
      "correct": true,
      "pred": "160"
    },
    {
      "correct": true,
      "pred": "12"
    },
    {
      "correct": false,
      "pred": "17"
    },
    {
      "correct": true,
      "pred": "800"
    },
    {
      "correct": true,
      "pred": "42"
    },
    {
      "correct": true,
      "pred": "312"
    },
    {
      "correct": true,
      "pred": "36"
    },
    {
      "correct": true,
      "pred": "76"
    },
    {
      "correct": true,
      "pred": "160"
    },
    {
      "correct": true,
      "pred": "162000"
    },
    {
      "correct": true,
      "pred": "7"
    },
    {
      "correct": true,
      "pred": "50"
    },
    {
      "correct": true,
      "pred": "8"
    },
    {
      "correct": false,