{
  "config": {
    "batch_sample_interval_s": 1.0,
    "block": "core_factorial",
    "concurrency": 1,
    "decoding": "greedy",
    "draft_model": "yuhuili/EAGLE3-LLaMA3.1-Instruct-8B",
    "engine": "vllm",
    "engine_args": {
      "dtype": "float16",
      "enable_prefix_caching": false,
      "extra": [],
      "gpu_memory_utilization": 0.85,
      "host": "127.0.0.1",
      "max_model_len": 8192,
      "num_speculative_tokens": 5,
      "port": 8000,
      "quantization": null
    },
    "factors": {
      "kv_quant": "fp8",
      "spec_decode": "eagle3",
      "weight_quant": "w4a16"
    },
    "gpu_target": "a100",
    "model": "hugging-quants/Meta-Llama-3.1-8B-Instruct-AWQ-INT4",
    "repeat_idx": 1,
    "run_id": "core_factorial_meta-llama-3-1-8b-instruct-awq-int4_w4a16-fp8-eagle3_gsm8k_c1_r1",
    "seed": 1234,
    "warmup_requests": 4,
    "workload": "gsm8k",
    "workload_params": {
      "max_new_tokens": 256,
      "n_shot": 8,
      "num_requests": 64
    }
  },
  "env": {
    "cuda": "13.0",
    "driver": "580.82.07",
    "engine_version": "0.24.0",
    "git_commit": "78c3900f99958d2dc9f6373568067446aec7bba4",
    "gpu_name": "NVIDIA A100-SXM4-80GB",
    "timestamp_utc": "2026-07-10T00:31:57.601197+00:00"
  },
  "measured": {
    "acceptance_rate": 0.29724075197089145,
    "accepted_length_tau": 2.4862037598544573,
    "accuracy": 0.6875,
    "e2e_latency_ms": {
      "mean": 1989.8089060156963,
      "p50": 1967.4466974993265,
      "p95": 2261.1636653984533,
      "p99": 2307.508144171806
    },
    "emergent_batch_size": {
      "max": 1.0,
      "mean": 0.9291338582677166,
      "num_samples": 127,
      "p50": 1.0
    },
    "goodput_tok_s": 128.64300223060465,
    "itl_ms": {
      "mean": 18.392628403922416,
      "p50": 18.314515002202825,
      "p95": 19.341312201868277,
      "p99": 21.09144362017104
    },
    "kv_cache_usage": {
      "max": 0.0010271532943456618,
      "mean": 0.0008406116114762081,
      "num_samples": 127,
      "p50": 0.0008780503967793507
    },
    "num_errors": 0,
    "num_preemptions": 0.0,
    "num_requests": 64,
    "prompt_tokens_mean": 713.4375,
    "queue_depth": {
      "max": 0.0,
      "mean": 0.0,
      "num_samples": 127,
      "p50": 0.0
    },
    "request_decode_tok_s_mean": 136.66363527273094,
    "request_tok_s_mean": 129.72540409583007,
    "spec_num_drafts": 6596.0,
    "spec_rejected_tok_s": 181.97991105338892,
    "throughput_tok_s": 128.64300223060465,
    "total_completion_tokens": 16384,
    "ttft_ms": {
      "mean": 99.39156787504544,
      "p50": 99.26695549802389,
      "p95": 103.16669365001871,
      "p99": 105.88576539896167
    },
    "wall_time_s": 127.36021171699758
  },
  "run_id": "core_factorial_meta-llama-3-1-8b-instruct-awq-int4_w4a16-fp8-eagle3_gsm8k_c1_r1",
  "score_details": [
    {
      "correct": false,
      "pred": "11"
    },
    {
      "correct": true,
      "pred": "10"
    },
    {
      "correct": false,
      "pred": "0"
    },
    {
      "correct": true,
      "pred": "187"
    },
    {
      "correct": false,
      "pred": "19"
    },
    {
      "correct": true,
      "pred": "6"
    },
    {
      "correct": true,
      "pred": "130"
    },
    {
      "correct": true,
      "pred": "10"
    },
    {
      "correct": true,
      "pred": "100"
    },
    {
      "correct": true,
      "pred": "21"
    },
    {
      "correct": true,
      "pred": "3"
    },
    {
      "correct": true,
      "pred": "4"
    },
    {
      "correct": true,
      "pred": "120000"
    },
    {
      "correct": false,
      "pred": "117"
    },
    {
      "correct": true,
      "pred": "9"
    },
    {
      "correct": false,
      "pred": "200"
    },
    {
      "correct": false,
      "pred": "28"
    },
    {
      "correct": false,
      "pred": "33"
    },
    {
      "correct": true,
      "pred": "132"
    },
    {
      "correct": true,
      "pred": "15"
    },
    {
      "correct": true,
      "pred": "50"
    },
    {
      "correct": true,
      "pred": "300"
    },
    {
      "correct": true,
      "pred": "7"
    },
    {
      "correct": false,
      "pred": "7600000"
    },
    {
      "correct": true,
      "pred": "93000"
    },
    {
      "correct": true,
      "pred": "36"
    },
    {
      "correct": false,
      "pred": "5800"
    },
    {
      "correct": true,
      "pred": "53"
    },
    {
      "correct": false,
      "pred": "25"
    },
    {
      "correct": false,
      "pred": "4"
    },
    {
      "correct": true,
      "pred": "10"
    },
    {
      "correct": true,
      "pred": "98"
    },
    {
      "correct": true,
      "pred": "16"
    },
    {
      "correct": true,
      "pred": "50"
    },
    {
      "correct": true,
      "pred": "25"
    },
    {
      "correct": false,
      "pred": "12"
    },
    {
      "correct": false,
      "pred": "1040000"
    },
    {
      "correct": true,
      "pred": "1240"
    },
    {
      "correct": true,
      "pred": "50"
    },
    {
      "correct": true,
      "pred": "10"
    },
    {
      "correct": true,
      "pred": "123"
    },
    {
      "correct": true,
      "pred": "500"
    },
    {
      "correct": true,
      "pred": "34"
    },
    {
      "correct": false,
      "pred": "2"
    },
    {
      "correct": true,
      "pred": "14"
    },
    {
      "correct": true,
      "pred": "24"
    },
    {
      "correct": true,
      "pred": "5"
    },
    {
      "correct": true,
      "pred": "100"
    },
    {
      "correct": true,
      "pred": "7"
    },
    {
      "correct": false,
      "pred": "600"
    },
    {
      "correct": true,
      "pred": "45"
    },
    {
      "correct": false,
      "pred": "12"
    },
    {
      "correct": true,
      "pred": "95"
    },
    {
      "correct": false,
      "pred": "[invalid]"
    },
    {
      "correct": true,
      "pred": "26"
    },
    {
      "correct": true,
      "pred": "1000"
    },
    {
      "correct": false,
      "pred": "1"
    },
    {
      "correct": true,
      "pred": "240"
    },
    {
      "correct": false,
      "pred": "100"
    },
    {
      "correct": false,
      "pred": "3"
    },
    {
      "correct": true,
      "pred": "150"
    },
    {
      "correct": true,
      "pred": "75"
    },
    {
      "correct": true,
      "pred": "7"
    },
    {
      "correct": true,
      "pred": "2325"
    }
  ],
  "status": "ok"
}