{
  "config": {
    "batch_sample_interval_s": 1.0,
    "block": "core_factorial",
    "concurrency": 1,
    "decoding": "greedy",
    "draft_model": "yuhuili/EAGLE3-LLaMA3.1-Instruct-8B",
    "engine": "vllm",
    "engine_args": {
      "dtype": "float16",
      "enable_prefix_caching": false,
      "extra": [],
      "gpu_memory_utilization": 0.85,
      "host": "127.0.0.1",
      "max_model_len": 8192,
      "num_speculative_tokens": 5,
      "port": 8000,
      "quantization": null
    },
    "factors": {
      "kv_quant": "fp8",
      "spec_decode": "eagle3",
      "weight_quant": "w4a16"
    },
    "gpu_target": "a100",
    "model": "hugging-quants/Meta-Llama-3.1-8B-Instruct-AWQ-INT4",
    "repeat_idx": 0,
    "run_id": "core_factorial_meta-llama-3-1-8b-instruct-awq-int4_w4a16-fp8-eagle3_humaneval_c1_r0",
    "seed": 1234,
    "warmup_requests": 4,
    "workload": "humaneval",
    "workload_params": {
      "max_new_tokens": 512,
      "num_requests": 64,
      "run_correctness": true,
      "tokenizer_model": "hugging-quants/Meta-Llama-3.1-8B-Instruct-AWQ-INT4"
    }
  },
  "env": {
    "cuda": "13.0",
    "driver": "580.82.07",
    "engine_version": "0.24.0",
    "git_commit": "78c3900f99958d2dc9f6373568067446aec7bba4",
    "gpu_name": "NVIDIA A100-SXM4-80GB",
    "timestamp_utc": "2026-07-09T21:21:20.997632+00:00"
  },
  "measured": {
    "acceptance_rate": 0.5961511546536039,
    "accepted_length_tau": 3.9807557732680197,
    "accuracy": 0.6875,
    "e2e_latency_ms": {
      "mean": 1711.8757317344234,
      "p50": 1621.9412119999106,
      "p95": 2520.161191750048,
      "p99": 2582.3981266301325
    },
    "emergent_batch_size": {
      "max": 1.0,
      "mean": 0.944954128440367,
      "num_samples": 109,
      "p50": 1.0
    },
    "goodput_tok_s": 207.65167925535678,
    "itl_ms": {
      "mean": 18.51964048801451,
      "p50": 18.425537000439363,
      "p95": 19.38485259979643,
      "p99": 21.412764400156437
    },
    "kv_cache_usage": {
      "max": 0.000840802461869572,
      "mean": 0.0004233324688752674,
      "num_samples": 109,
      "p50": 0.000420401230934786
    },
    "num_errors": 0,
    "num_preemptions": 0.0,
    "num_requests": 64,
    "prompt_tokens_mean": 200.765625,
    "queue_depth": {
      "max": 0.0,
      "mean": 0.0,
      "num_samples": 109,
      "p50": 0.0
    },
    "request_decode_tok_s_mean": 215.76485149544226,
    "request_tok_s_mean": 207.98825573959962,
    "spec_num_drafts": 5716.0,
    "spec_rejected_tok_s": 105.33624937218512,
    "throughput_tok_s": 207.65167925535678,
    "total_completion_tokens": 22753,
    "ttft_ms": {
      "mean": 58.12971003125256,
      "p50": 56.97486149983888,
      "p95": 68.91258489990832,
      "p99": 70.38036821011701
    },
    "wall_time_s": 109.57291595999959
  },
  "run_id": "core_factorial_meta-llama-3-1-8b-instruct-awq-int4_w4a16-fp8-eagle3_humaneval_c1_r0",
  "score_details": [
    {
      "correct": true,
      "task_id": "HumanEval/0"
    },
    {
      "correct": true,
      "task_id": "HumanEval/1"
    },
    {
      "correct": true,
      "task_id": "HumanEval/2"
    },
    {
      "correct": true,
      "task_id": "HumanEval/3"
    },
    {
      "correct": true,
      "task_id": "HumanEval/4"
    },
    {
      "correct": true,
      "task_id": "HumanEval/6"
    },
    {
      "correct": true,
      "task_id": "HumanEval/7"
    },
    {
      "correct": true,
      "task_id": "HumanEval/8"
    },
    {
      "correct": true,
      "task_id": "HumanEval/9"
    },
    {
      "correct": true,
      "task_id": "HumanEval/11"
    },
    {
      "correct": true,
      "task_id": "HumanEval/16"
    },
    {
      "correct": false,
      "task_id": "HumanEval/17"
    },
    {
      "correct": false,
      "task_id": "HumanEval/18"
    },
    {
      "correct": true,
      "task_id": "HumanEval/20"
    },
    {
      "correct": false,
      "task_id": "HumanEval/21"
    },
    {
      "correct": true,
      "task_id": "HumanEval/22"
    },
    {
      "correct": true,
      "task_id": "HumanEval/23"
    },
    {
      "correct": true,
      "task_id": "HumanEval/25"
    },
    {
      "correct": false,
      "task_id": "HumanEval/27"
    },
    {
      "correct": true,
      "task_id": "HumanEval/29"
    },
    {
      "correct": true,
      "task_id": "HumanEval/31"
    },
    {
      "correct": true,
      "task_id": "HumanEval/38"
    },
    {
      "correct": true,
      "task_id": "HumanEval/42"
    },
    {
      "correct": true,
      "task_id": "HumanEval/46"
    },
    {
      "correct": true,
      "task_id": "HumanEval/48"
    },
    {
      "correct": true,
      "task_id": "HumanEval/58"
    },
    {
      "correct": true,
      "task_id": "HumanEval/60"
    },
    {
      "correct": true,
      "task_id": "HumanEval/63"
    },
    {
      "correct": false,
      "task_id": "HumanEval/65"
    },
    {
      "correct": true,
      "task_id": "HumanEval/67"
    },
    {
      "correct": true,
      "task_id": "HumanEval/68"
    },
    {
      "correct": true,
      "task_id": "HumanEval/69"
    },
    {
      "correct": true,
      "task_id": "HumanEval/71"
    },
    {
      "correct": false,
      "task_id": "HumanEval/75"
    },
    {
      "correct": false,
      "task_id": "HumanEval/77"
    },
    {
      "correct": false,
      "task_id": "HumanEval/83"
    },
    {
      "correct": false,
      "task_id": "HumanEval/84"
    },
    {
      "correct": true,
      "task_id": "HumanEval/85"
    },
    {
      "correct": true,
      "task_id": "HumanEval/88"
    },
    {
      "correct": true,
      "task_id": "HumanEval/90"
    },
    {
      "correct": true,
      "task_id": "HumanEval/106"
    },
    {
      "correct": true,
      "task_id": "HumanEval/112"
    },
    {
      "correct": true,
      "task_id": "HumanEval/116"
    },
    {
      "correct": false,
      "task_id": "HumanEval/118"
    },
    {
      "correct": false,
      "task_id": "HumanEval/119"
    },
    {
      "correct": true,
      "task_id": "HumanEval/123"
    },
    {
      "correct": false,
      "task_id": "HumanEval/124"
    },
    {
      "correct": false,
      "task_id": "HumanEval/128"
    },
    {
      "correct": false,
      "task_id": "HumanEval/131"
    },
    {
      "correct": false,
      "task_id": "HumanEval/137"
    },
    {
      "correct": false,
      "task_id": "HumanEval/138"
    },
    {
      "correct": true,
      "task_id": "HumanEval/139"
    },
    {
      "correct": false,
      "task_id": "HumanEval/140"
    },
    {
      "correct": true,
      "task_id": "HumanEval/142"
    },
    {
      "correct": true,
      "task_id": "HumanEval/149"
    },
    {
      "correct": true,
      "task_id": "HumanEval/153"
    },
    {
      "correct": true,
      "task_id": "HumanEval/154"
    },
    {
      "correct": true,
      "task_id": "HumanEval/155"
    },
    {
      "correct": true,
      "task_id": "HumanEval/156"
    },
    {
      "correct": true,
      "task_id": "HumanEval/157"
    },
    {
      "correct": false,
      "task_id": "HumanEval/159"
    },
    {
      "correct": false,
      "task_id": "HumanEval/160"
    },
    {
      "correct": true,
      "task_id": "HumanEval/162"
    },
    {
      "correct": false,
      "task_id": "HumanEval/163"
    }
  ],
  "status": "ok"
}