{
  "config": {
    "batch_sample_interval_s": 1.0,
    "block": "core_factorial",
    "concurrency": 1,
    "decoding": "greedy",
    "draft_model": "yuhuili/EAGLE3-LLaMA3.1-Instruct-8B",
    "engine": "vllm",
    "engine_args": {
      "dtype": "float16",
      "enable_prefix_caching": false,
      "extra": [],
      "gpu_memory_utilization": 0.85,
      "host": "127.0.0.1",
      "max_model_len": 8192,
      "num_speculative_tokens": 5,
      "port": 8000,
      "quantization": null
    },
    "factors": {
      "kv_quant": "fp8",
      "spec_decode": "eagle3",
      "weight_quant": "fp16"
    },
    "gpu_target": "a100",
    "model": "meta-llama/Llama-3.1-8B-Instruct",
    "repeat_idx": 2,
    "run_id": "core_factorial_llama-3-1-8b-instruct_fp16-fp8-eagle3_rag_shared_prefix_c1_r2",
    "seed": 1234,
    "warmup_requests": 4,
    "workload": "rag_shared_prefix",
    "workload_params": {
      "max_new_tokens": 256,
      "num_requests": 64,
      "prefix_overlap": "high",
      "spec_bench_file": "external/Spec-Bench/data/spec_bench/question.jsonl"
    }
  },
  "env": {
    "cuda": "13.0",
    "driver": "580.82.07",
    "engine_version": "0.24.0",
    "git_commit": "76252b30f9a56917108d897fb6c1e53d4c674012",
    "gpu_name": "NVIDIA A100-SXM4-80GB",
    "timestamp_utc": "2026-07-10T05:00:34.415999+00:00"
  },
  "measured": {
    "acceptance_rate": 0.2951304085632444,
    "accepted_length_tau": 2.475652042816222,
    "accuracy": null,
    "e2e_latency_ms": {
      "mean": 2383.264186296813,
      "p50": 2319.938020999871,
      "p95": 3040.05744004953,
      "p99": 3915.673888189845
    },
    "emergent_batch_size": {
      "max": 1.0,
      "mean": 0.9605263157894737,
      "num_samples": 152,
      "p50": 1.0
    },
    "goodput_tok_s": 107.40635497012815,
    "itl_ms": {
      "mean": 22.152391953618043,
      "p50": 22.126960000605322,
      "p95": 22.794882200287248,
      "p99": 23.545859919577193
    },
    "kv_cache_usage": {
      "max": 0.0012219796069632416,
      "mean": 0.0009806676289272956,
      "num_samples": 152,
      "p50": 0.0010016226286584384
    },
    "num_errors": 0,
    "num_preemptions": 0.0,
    "num_requests": 64,
    "prompt_tokens_mean": 680.078125,
    "queue_depth": {
      "max": 0.0,
      "mean": 0.0,
      "num_samples": 152,
      "p50": 0.0
    },
    "request_decode_tok_s_mean": 115.2124428938378,
    "request_tok_s_mean": 110.50971960478942,
    "spec_num_drafts": 6633.0,
    "spec_rejected_tok_s": 153.2494116294364,
    "throughput_tok_s": 107.40635497012815,
    "total_completion_tokens": 16384,
    "ttft_ms": {
      "mean": 92.22227471872202,
      "p50": 91.90693749951606,
      "p95": 94.38019414997144,
      "p99": 96.91281921048358
    },
    "wall_time_s": 152.54218434799986
  },
  "run_id": "core_factorial_llama-3-1-8b-instruct_fp16-fp8-eagle3_rag_shared_prefix_c1_r2",
  "score_details": [
    {
      "num_empty_outputs": 0,
      "num_outputs": 64
    }
  ],
  "status": "ok"
}