{
  "config": {
    "batch_sample_interval_s": 1.0,
    "block": "core_factorial",
    "concurrency": 1,
    "decoding": "greedy",
    "draft_model": "yuhuili/EAGLE3-LLaMA3.1-Instruct-8B",
    "engine": "vllm",
    "engine_args": {
      "dtype": "float16",
      "enable_prefix_caching": false,
      "extra": [],
      "gpu_memory_utilization": 0.85,
      "host": "127.0.0.1",
      "max_model_len": 8192,
      "num_speculative_tokens": 5,
      "port": 8000,
      "quantization": null
    },
    "factors": {
      "kv_quant": "fp16",
      "spec_decode": "eagle3",
      "weight_quant": "w4a16"
    },
    "gpu_target": "a100",
    "model": "hugging-quants/Meta-Llama-3.1-8B-Instruct-AWQ-INT4",
    "repeat_idx": 1,
    "run_id": "core_factorial_meta-llama-3-1-8b-instruct-awq-int4_w4a16-fp16-eagle3_gsm8k_c1_r1",
    "seed": 1234,
    "warmup_requests": 4,
    "workload": "gsm8k",
    "workload_params": {
      "max_new_tokens": 256,
      "n_shot": 8,
      "num_requests": 64
    }
  },
  "env": {
    "cuda": "13.0",
    "driver": "580.82.07",
    "engine_version": "0.24.0",
    "git_commit": "76252b30f9a56917108d897fb6c1e53d4c674012",
    "gpu_name": "NVIDIA A100-SXM4-80GB",
    "timestamp_utc": "2026-07-10T03:34:35.249405+00:00"
  },
  "measured": {
    "acceptance_rate": 0.29890544238370326,
    "accepted_length_tau": 2.4945272119185162,
    "accuracy": 0.640625,
    "e2e_latency_ms": {
      "mean": 928.2846539843774,
      "p50": 939.0365245001249,
      "p95": 1070.3053874001625,
      "p99": 1095.4361750598036
    },
    "emergent_batch_size": {
      "max": 1.0,
      "mean": 0.9661016949152542,
      "num_samples": 59,
      "p50": 1.0
    },
    "goodput_tok_s": 275.715320015661,
    "itl_ms": {
      "mean": 8.336681534053028,
      "p50": 8.32851300015136,
      "p95": 8.563220200016985,
      "p99": 9.23534683995058
    },
    "kv_cache_usage": {
      "max": 0.002118857834729093,
      "mean": 0.0017044350082970122,
      "num_samples": 59,
      "p50": 0.0017152658662092923
    },
    "num_errors": 0,
    "num_preemptions": 0.0,
    "num_requests": 64,
    "prompt_tokens_mean": 713.4375,
    "queue_depth": {
      "max": 0.0,
      "mean": 0.0,
      "num_samples": 59,
      "p50": 0.0
    },
    "request_decode_tok_s_mean": 302.5260262118853,
    "request_tok_s_mean": 278.73236595475026,
    "spec_num_drafts": 6578.0,
    "spec_rejected_tok_s": 388.0444069971391,
    "throughput_tok_s": 275.715320015661,
    "total_completion_tokens": 16384,
    "ttft_ms": {
      "mean": 71.4301050624897,
      "p50": 71.246665499757,
      "p95": 74.69374175011579,
      "p99": 75.75518892994751
    },
    "wall_time_s": 59.42361127799995
  },
  "run_id": "core_factorial_meta-llama-3-1-8b-instruct-awq-int4_w4a16-fp16-eagle3_gsm8k_c1_r1",
  "score_details": [
    {
      "correct": false,
      "pred": "30"
    },
    {
      "correct": true,
      "pred": "10"
    },
    {
      "correct": false,
      "pred": "24"
    },
    {
      "correct": true,
      "pred": "187"
    },
    {
      "correct": true,
      "pred": "17"
    },
    {
      "correct": false,
      "pred": "15"
    },
    {
      "correct": true,
      "pred": "130"
    },
    {
      "correct": true,
      "pred": "10"
    },
    {
      "correct": true,
      "pred": "100"
    },
    {
      "correct": true,
      "pred": "21"
    },
    {
      "correct": true,
      "pred": "3"
    },
    {
      "correct": true,
      "pred": "4"
    },
    {
      "correct": true,
      "pred": "120000"
    },
    {
      "correct": true,
      "pred": "31"
    },
    {
      "correct": true,
      "pred": "9"
    },
    {
      "correct": true,
      "pred": "50"
    },
    {
      "correct": false,
      "pred": "28"
    },
    {
      "correct": false,
      "pred": "17"
    },
    {
      "correct": true,
      "pred": "132"
    },
    {
      "correct": false,
      "pred": "6"
    },
    {
      "correct": true,
      "pred": "50"
    },
    {
      "correct": true,
      "pred": "300"
    },
    {
      "correct": true,
      "pred": "7"
    },
    {
      "correct": false,
      "pred": "250000"
    },
    {
      "correct": true,
      "pred": "93000"
    },
    {
      "correct": true,
      "pred": "36"
    },
    {
      "correct": false,
      "pred": "5800"
    },
    {
      "correct": true,
      "pred": "53"
    },
    {
      "correct": false,
      "pred": "25"
    },
    {
      "correct": false,
      "pred": "4"
    },
    {
      "correct": true,
      "pred": "10"
    },
    {
      "correct": true,
      "pred": "98"
    },
    {
      "correct": true,
      "pred": "16"
    },
    {
      "correct": true,
      "pred": "50"
    },
    {
      "correct": true,
      "pred": "25"
    },
    {
      "correct": false,
      "pred": "12"
    },
    {
      "correct": false,
      "pred": "1040000"
    },
    {
      "correct": true,
      "pred": "1240"
    },
    {
      "correct": false,
      "pred": "-50"
    },
    {
      "correct": true,
      "pred": "10"
    },
    {
      "correct": true,
      "pred": "123"
    },
    {
      "correct": true,
      "pred": "500"
    },
    {
      "correct": true,
      "pred": "34"
    },
    {
      "correct": false,
      "pred": "4"
    },
    {
      "correct": true,
      "pred": "14"
    },
    {
      "correct": false,
      "pred": "21"
    },
    {
      "correct": false,
      "pred": "15"
    },
    {
      "correct": true,
      "pred": "100"
    },
    {
      "correct": true,
      "pred": "7"
    },
    {
      "correct": false,
      "pred": "600"
    },
    {
      "correct": true,
      "pred": "45"
    },
    {
      "correct": false,
      "pred": "12"
    },
    {
      "correct": true,
      "pred": "95"
    },
    {
      "correct": false,
      "pred": "24"
    },
    {
      "correct": false,
      "pred": "24"
    },
    {
      "correct": true,
      "pred": "1000"
    },
    {
      "correct": false,
      "pred": "1"
    },
    {
      "correct": true,
      "pred": "240"
    },
    {
      "correct": false,
      "pred": "20"
    },
    {
      "correct": false,
      "pred": "20"
    },
    {
      "correct": true,
      "pred": "150"
    },
    {
      "correct": true,
      "pred": "75"
    },
    {
      "correct": true,
      "pred": "7"
    },
    {
      "correct": true,
      "pred": "2325"
    }
  ],
  "status": "ok"
}