{
  "config": {
    "batch_sample_interval_s": 1.0,
    "block": "core_factorial",
    "concurrency": 1,
    "decoding": "greedy",
    "draft_model": "yuhuili/EAGLE3-LLaMA3.1-Instruct-8B",
    "engine": "vllm",
    "engine_args": {
      "dtype": "float16",
      "enable_prefix_caching": false,
      "extra": [],
      "gpu_memory_utilization": 0.85,
      "host": "127.0.0.1",
      "max_model_len": 8192,
      "num_speculative_tokens": 5,
      "port": 8000,
      "quantization": null
    },
    "factors": {
      "kv_quant": "fp16",
      "spec_decode": "eagle3",
      "weight_quant": "fp16"
    },
    "gpu_target": "a100",
    "model": "meta-llama/Llama-3.1-8B-Instruct",
    "repeat_idx": 1,
    "run_id": "core_factorial_llama-3-1-8b-instruct_fp16-fp16-eagle3_humaneval_c1_r1",
    "seed": 1234,
    "warmup_requests": 4,
    "workload": "humaneval",
    "workload_params": {
      "max_new_tokens": 512,
      "num_requests": 64,
      "run_correctness": true,
      "tokenizer_model": "meta-llama/Llama-3.1-8B-Instruct"
    }
  },
  "env": {
    "cuda": "13.0",
    "driver": "580.82.07",
    "engine_version": "0.24.0",
    "git_commit": "78c3900f99958d2dc9f6373568067446aec7bba4",
    "gpu_name": "NVIDIA A100-SXM4-80GB",
    "timestamp_utc": "2026-07-09T23:42:18.549964+00:00"
  },
  "measured": {
    "acceptance_rate": 0.616210335448776,
    "accepted_length_tau": 4.081051677243881,
    "accuracy": 0.6875,
    "e2e_latency_ms": {
      "mean": 1210.02613793749,
      "p50": 1222.3462989995824,
      "p95": 1639.494229600586,
      "p99": 1939.8315372403704
    },
    "emergent_batch_size": {
      "max": 1.0,
      "mean": 0.961038961038961,
      "num_samples": 77,
      "p50": 1.0
    },
    "goodput_tok_s": 290.6579479220418,
    "itl_ms": {
      "mean": 13.616997298640236,
      "p50": 13.607667000542278,
      "p95": 13.930951600559638,
      "p99": 14.177757320903764
    },
    "kv_cache_usage": {
      "max": 0.0024440081734043995,
      "mean": 0.001066164093528968,
      "num_samples": 77,
      "p50": 0.0010417084017788625
    },
    "num_errors": 0,
    "num_preemptions": 0.0,
    "num_requests": 64,
    "prompt_tokens_mean": 214.171875,
    "queue_depth": {
      "max": 0.0,
      "mean": 0.0,
      "num_samples": 77,
      "p50": 0.0
    },
    "request_decode_tok_s_mean": 301.12843668992105,
    "request_tok_s_mean": 291.4288259498763,
    "spec_num_drafts": 5515.0,
    "spec_rejected_tok_s": 136.63363669253178,
    "throughput_tok_s": 290.6579479220418,
    "total_completion_tokens": 22513,
    "ttft_ms": {
      "mean": 36.623948843725884,
      "p50": 35.59342650078179,
      "p95": 43.77663869981916,
      "p99": 46.52757325045967
    },
    "wall_time_s": 77.45530497599975
  },
  "run_id": "core_factorial_llama-3-1-8b-instruct_fp16-fp16-eagle3_humaneval_c1_r1",
  "score_details": [
    {
      "correct": true,
      "task_id": "HumanEval/2"
    },
    {
      "correct": true,
      "task_id": "HumanEval/4"
    },
    {
      "correct": true,
      "task_id": "HumanEval/7"
    },
    {
      "correct": true,
      "task_id": "HumanEval/9"
    },
    {
      "correct": true,
      "task_id": "HumanEval/18"
    },
    {
      "correct": true,
      "task_id": "HumanEval/20"
    },
    {
      "correct": true,
      "task_id": "HumanEval/24"
    },
    {
      "correct": true,
      "task_id": "HumanEval/25"
    },
    {
      "correct": true,
      "task_id": "HumanEval/38"
    },
    {
      "correct": true,
      "task_id": "HumanEval/39"
    },
    {
      "correct": true,
      "task_id": "HumanEval/45"
    },
    {
      "correct": true,
      "task_id": "HumanEval/49"
    },
    {
      "correct": true,
      "task_id": "HumanEval/50"
    },
    {
      "correct": true,
      "task_id": "HumanEval/52"
    },
    {
      "correct": true,
      "task_id": "HumanEval/53"
    },
    {
      "correct": false,
      "task_id": "HumanEval/54"
    },
    {
      "correct": true,
      "task_id": "HumanEval/56"
    },
    {
      "correct": true,
      "task_id": "HumanEval/58"
    },
    {
      "correct": true,
      "task_id": "HumanEval/59"
    },
    {
      "correct": true,
      "task_id": "HumanEval/61"
    },
    {
      "correct": true,
      "task_id": "HumanEval/64"
    },
    {
      "correct": true,
      "task_id": "HumanEval/66"
    },
    {
      "correct": true,
      "task_id": "HumanEval/67"
    },
    {
      "correct": true,
      "task_id": "HumanEval/74"
    },
    {
      "correct": false,
      "task_id": "HumanEval/83"
    },
    {
      "correct": false,
      "task_id": "HumanEval/84"
    },
    {
      "correct": true,
      "task_id": "HumanEval/88"
    },
    {
      "correct": true,
      "task_id": "HumanEval/89"
    },
    {
      "correct": true,
      "task_id": "HumanEval/92"
    },
    {
      "correct": false,
      "task_id": "HumanEval/93"
    },
    {
      "correct": true,
      "task_id": "HumanEval/95"
    },
    {
      "correct": true,
      "task_id": "HumanEval/96"
    },
    {
      "correct": false,
      "task_id": "HumanEval/99"
    },
    {
      "correct": false,
      "task_id": "HumanEval/100"
    },
    {
      "correct": true,
      "task_id": "HumanEval/105"
    },
    {
      "correct": false,
      "task_id": "HumanEval/108"
    },
    {
      "correct": false,
      "task_id": "HumanEval/109"
    },
    {
      "correct": true,
      "task_id": "HumanEval/110"
    },
    {
      "correct": true,
      "task_id": "HumanEval/112"
    },
    {
      "correct": false,
      "task_id": "HumanEval/113"
    },
    {
      "correct": true,
      "task_id": "HumanEval/114"
    },
    {
      "correct": true,
      "task_id": "HumanEval/117"
    },
    {
      "correct": false,
      "task_id": "HumanEval/118"
    },
    {
      "correct": false,
      "task_id": "HumanEval/120"
    },
    {
      "correct": true,
      "task_id": "HumanEval/123"
    },
    {
      "correct": false,
      "task_id": "HumanEval/125"
    },
    {
      "correct": false,
      "task_id": "HumanEval/126"
    },
    {
      "correct": false,
      "task_id": "HumanEval/129"
    },
    {
      "correct": false,
      "task_id": "HumanEval/132"
    },
    {
      "correct": true,
      "task_id": "HumanEval/133"
    },
    {
      "correct": false,
      "task_id": "HumanEval/135"
    },
    {
      "correct": true,
      "task_id": "HumanEval/136"
    },
    {
      "correct": false,
      "task_id": "HumanEval/137"
    },
    {
      "correct": true,
      "task_id": "HumanEval/139"
    },
    {
      "correct": false,
      "task_id": "HumanEval/140"
    },
    {
      "correct": true,
      "task_id": "HumanEval/144"
    },
    {
      "correct": true,
      "task_id": "HumanEval/148"
    },
    {
      "correct": false,
      "task_id": "HumanEval/151"
    },
    {
      "correct": true,
      "task_id": "HumanEval/152"
    },
    {
      "correct": true,
      "task_id": "HumanEval/156"
    },
    {
      "correct": true,
      "task_id": "HumanEval/158"
    },
    {
      "correct": false,
      "task_id": "HumanEval/159"
    },
    {
      "correct": true,
      "task_id": "HumanEval/161"
    },
    {
      "correct": true,
      "task_id": "HumanEval/162"
    }
  ],
  "status": "ok"
}