{
  "config": {
    "batch_sample_interval_s": 1.0,
    "block": "core_factorial",
    "concurrency": 1,
    "decoding": "greedy",
    "draft_model": "yuhuili/EAGLE3-LLaMA3.1-Instruct-8B",
    "engine": "vllm",
    "engine_args": {
      "dtype": "float16",
      "enable_prefix_caching": false,
      "extra": [],
      "gpu_memory_utilization": 0.85,
      "host": "127.0.0.1",
      "max_model_len": 8192,
      "num_speculative_tokens": 5,
      "port": 8000,
      "quantization": null
    },
    "factors": {
      "kv_quant": "fp16",
      "spec_decode": "eagle3",
      "weight_quant": "fp16"
    },
    "gpu_target": "a100",
    "model": "meta-llama/Llama-3.1-8B-Instruct",
    "repeat_idx": 1,
    "run_id": "core_factorial_llama-3-1-8b-instruct_fp16-fp16-eagle3_rag_shared_prefix_c1_r1",
    "seed": 1234,
    "warmup_requests": 4,
    "workload": "rag_shared_prefix",
    "workload_params": {
      "max_new_tokens": 256,
      "num_requests": 64,
      "prefix_overlap": "high",
      "spec_bench_file": "external/Spec-Bench/data/spec_bench/question.jsonl"
    }
  },
  "env": {
    "cuda": "13.0",
    "driver": "580.82.07",
    "engine_version": "0.24.0",
    "git_commit": "78c3900f99958d2dc9f6373568067446aec7bba4",
    "gpu_name": "NVIDIA A100-SXM4-80GB",
    "timestamp_utc": "2026-07-09T23:46:41.685605+00:00"
  },
  "measured": {
    "acceptance_rate": 0.29600967351874247,
    "accepted_length_tau": 2.480048367593712,
    "accuracy": null,
    "e2e_latency_ms": {
      "mean": 1503.0693635155785,
      "p50": 1499.955771999339,
      "p95": 1869.4266888999662,
      "p99": 1934.0746668599786
    },
    "emergent_batch_size": {
      "max": 1.0,
      "mean": 0.96875,
      "num_samples": 96,
      "p50": 1.0
    },
    "goodput_tok_s": 170.2951984632054,
    "itl_ms": {
      "mean": 13.924550506197097,
      "p50": 13.914329000726866,
      "p95": 14.174426499721449,
      "p99": 14.98892129975503
    },
    "kv_cache_usage": {
      "max": 0.0024440081734043995,
      "mean": 0.001972401404970818,
      "num_samples": 96,
      "p50": 0.002003285388036402
    },
    "num_errors": 0,
    "num_preemptions": 0.0,
    "num_requests": 64,
    "prompt_tokens_mean": 680.078125,
    "queue_depth": {
      "max": 0.0,
      "mean": 0.0,
      "num_samples": 96,
      "p50": 0.0
    },
    "request_decode_tok_s_mean": 181.74677979624326,
    "request_tok_s_mean": 173.7441665770368,
    "spec_num_drafts": 6616.0,
    "spec_rejected_tok_s": 242.05533336249556,
    "throughput_tok_s": 170.2951984632054,
    "total_completion_tokens": 16384,
    "ttft_ms": {
      "mean": 63.61895493745351,
      "p50": 65.2966435009148,
      "p95": 66.11276744961287,
      "p99": 66.61404333010069
    },
    "wall_time_s": 96.20940665300077
  },
  "run_id": "core_factorial_llama-3-1-8b-instruct_fp16-fp16-eagle3_rag_shared_prefix_c1_r1",
  "score_details": [
    {
      "num_empty_outputs": 0,
      "num_outputs": 64
    }
  ],
  "status": "ok"
}