{
  "gsm8k@c1": {
    "complete_repeats": [
      0
    ],
    "effects_log": {
      "K": -0.3605475508740521,
      "KS": -0.26551643540027436,
      "S": 0.2964169801164491,
      "W": 0.44089800007443936,
      "WK": -0.09285792140743077,
      "WKS": -0.06072210340399842,
      "WS": -0.2555049910614984
    },
    "effects_ratio": {
      "K": 0.6972944173556526,
      "KS": 0.7668098399554093,
      "S": 1.3450308910539968,
      "W": 1.5541021759513427,
      "WK": 0.9113229705834812,
      "WKS": 0.9410847276833996,
      "WS": 0.7745252708476147
    },
    "gap": {
      "gap_log": 1.1063144889304102,
      "measured_log_gain": 0.31604532591283796,
      "measured_speedup": 1.3716924274284414,
      "naive_log_gain": 1.4223598148432481,
      "naive_speedup": 4.146894806786323,
      "overestimate_factor": 3.0231958155230525
    },
    "gap_spread_log": null,
    "repeats_per_corner": {
      "(-1, -1, -1)": [
        0
      ],
      "(-1, -1, 1)": [
        0
      ],
      "(-1, 1, -1)": [
        0
      ],
      "(-1, 1, 1)": [
        0
      ],
      "(1, -1, -1)": [
        0
      ],
      "(1, -1, 1)": [
        0
      ],
      "(1, 1, -1)": [
        0
      ],
      "(1, 1, 1)": [
        0
      ]
    },
    "spread_log": {
      "K": null,
      "KS": null,
      "S": null,
      "W": null,
      "WK": null,
      "WKS": null,
      "WS": null
    }
  },
  "gsm8k@c32": {
    "complete_repeats": [
      0
    ],
    "effects_log": {
      "K": -0.1057255441502647,
      "KS": -0.0889587178769522,
      "S": -0.1008680060565934,
      "W": 0.03087172430763263,
      "WK": 0.00590191686440078,
      "WKS": 0.007116854990725896,
      "WS": -0.20543693157121123
    },
    "effects_ratio": {
      "K": 0.8996715343101205,
      "KS": 0.9148833411215469,
      "S": 0.9040523544461386,
      "W": 1.03135319785535,
      "WK": 1.0059193674895595,
      "WKS": 1.0071422399879215,
      "WS": 0.8142914490299805
    },
    "gap": {
      "gap_log": 0.5912211751489771,
      "measured_log_gain": -0.16860497090849957,
      "measured_speedup": 0.8448425748715358,
      "naive_log_gain": 0.4226162042404775,
      "naive_speedup": 1.5259485309911462,
      "overestimate_factor": 1.8061927468832608
    },
    "gap_spread_log": null,
    "repeats_per_corner": {
      "(-1, -1, -1)": [
        0
      ],
      "(-1, -1, 1)": [
        0
      ],
      "(-1, 1, -1)": [
        0
      ],
      "(-1, 1, 1)": [
        0
      ],
      "(1, -1, -1)": [
        0
      ],
      "(1, -1, 1)": [
        0
      ],
      "(1, 1, -1)": [
        0
      ],
      "(1, 1, 1)": [
        0
      ]
    },
    "spread_log": {
      "K": null,
      "KS": null,
      "S": null,
      "W": null,
      "WK": null,
      "WKS": null,
      "WS": null
    }
  },
  "gsm8k@c64": {
    "complete_repeats": [
      0
    ],
    "effects_log": {
      "K": -0.037569713055157106,
      "KS": -0.05742581619878351,
      "S": -0.20773289911223403,
      "W": -0.1060317648258815,
      "WK": 0.005458500809345512,
      "WKS": 0.009498321818841582,
      "WS": -0.11209572103143772
    },
    "effects_ratio": {
      "K": 0.9631272728357169,
      "KS": 0.9441919315349899,
      "S": 0.8124240069076706,
      "W": 0.8993960784623412,
      "WK": 1.0054734255681341,
      "WKS": 1.0095435740374306,
      "WS": 0.893958682757595
    },
    "gap": {
      "gap_log": 0.3471227164794346,
      "measured_log_gain": -0.34183605517443105,
      "measured_speedup": 0.7104646721685492,
      "naive_log_gain": 0.005286661305003548,
      "naive_speedup": 1.0053006603574246,
      "overestimate_factor": 1.414990357351546
    },
    "gap_spread_log": null,
    "repeats_per_corner": {
      "(-1, -1, -1)": [
        0
      ],
      "(-1, -1, 1)": [
        0
      ],
      "(-1, 1, -1)": [
        0
      ],
      "(-1, 1, 1)": [
        0
      ],
      "(1, -1, -1)": [
        0
      ],
      "(1, -1, 1)": [
        0
      ],
      "(1, 1, -1)": [
        0
      ],
      "(1, 1, 1)": [
        0
      ]
    },
    "spread_log": {
      "K": null,
      "KS": null,
      "S": null,
      "W": null,
      "WK": null,
      "WKS": null,
      "WS": null
    }
  },
  "gsm8k@c8": {
    "complete_repeats": [
      0
    ],
    "effects_log": {
      "K": -0.23797187430370803,
      "KS": -0.1670405351569495,
      "S": 0.15382555457562352,
      "W": 0.27488400861002305,
      "WK": -0.014375808732303597,
      "WKS": 0.00196761597833639,
      "WS": -0.23972246552952114
    },
    "effects_ratio": {
      "K": 0.7882248601550353,
      "KS": 0.8461653111983176,
      "S": 1.1662874155284944,
      "W": 1.3163779775006574,
      "WK": 0.985727029820467,
      "WKS": 1.0019695530048887,
      "WS": 0.7868462077113971
    },
    "gap": {
      "gap_log": 0.8462128507942213,
      "measured_log_gain": 0.19270530486027493,
      "measured_speedup": 1.21252541551618,
      "naive_log_gain": 1.0389181556544962,
      "naive_speedup": 2.826157896965166,
      "overestimate_factor": 2.330803017239892
    },
    "gap_spread_log": null,
    "repeats_per_corner": {
      "(-1, -1, -1)": [
        0
      ],
      "(-1, -1, 1)": [
        0
      ],
      "(-1, 1, -1)": [
        0
      ],
      "(-1, 1, 1)": [
        0
      ],
      "(1, -1, -1)": [
        0
      ],
      "(1, -1, 1)": [
        0
      ],
      "(1, 1, -1)": [
        0
      ],
      "(1, 1, 1)": [
        0
      ]
    },
    "spread_log": {
      "K": null,
      "KS": null,
      "S": null,
      "W": null,
      "WK": null,
      "WKS": null,
      "WS": null
    }
  },
  "humaneval@c1": {
    "complete_repeats": [
      0
    ],
    "effects_log": {
      "K": -0.38559133864058914,
      "KS": -0.283930453560703,
      "S": 0.7394949174228995,
      "W": 0.5278544225192521,
      "WK": -0.10064715032702765,
      "WKS": -0.06510180136351584,
      "WS": -0.19306414067539235
    },
    "effects_ratio": {
      "K": 0.6800483783974006,
      "KS": 0.7528189987664552,
      "S": 2.0948771612836503,
      "W": 1.6952910254403457,
      "WK": 0.904252041638664,
      "WKS": 0.9369720734874181,
      "WS": 0.8244290930043721
    },
    "gap": {
      "gap_log": 1.0250798863992143,
      "measured_log_gain": 0.8166561999380466,
      "measured_speedup": 2.2629204191269876,
      "naive_log_gain": 1.841736086337261,
      "naive_speedup": 6.307479089437059,
      "overestimate_factor": 2.787318120480093
    },
    "gap_spread_log": null,
    "repeats_per_corner": {
      "(-1, -1, -1)": [
        0
      ],
      "(-1, -1, 1)": [
        0
      ],
      "(-1, 1, -1)": [
        0
      ],
      "(-1, 1, 1)": [
        0
      ],
      "(1, -1, -1)": [
        0
      ],
      "(1, -1, 1)": [
        0
      ],
      "(1, 1, -1)": [
        0
      ],
      "(1, 1, 1)": [
        0
      ]
    },
    "spread_log": {
      "K": null,
      "KS": null,
      "S": null,
      "W": null,
      "WK": null,
      "WKS": null,
      "WS": null
    }
  },
  "humaneval@c32": {
    "complete_repeats": [
      0
    ],
    "effects_log": {
      "K": -0.17293520459883238,
      "KS": -0.10261022937808173,
      "S": 0.2566008568462328,
      "W": 0.1987388078288066,
      "WK": 0.0032323839340744343,
      "WKS": 0.012787300891949904,
      "WS": -0.2402714589867494
    },
    "effects_ratio": {
      "K": 0.841192118459587,
      "KS": 0.9024786646080017,
      "S": 1.2925291196367013,
      "W": 1.2198633055405552,
      "WK": 1.0032376137203973,
      "WKS": 1.012869408026959,
      "WS": 0.7864143528451133
    },
    "gap": {
      "gap_log": 0.7048732106454132,
      "measured_log_gain": 0.2951917609681569,
      "measured_speedup": 1.3433839425936558,
      "naive_log_gain": 1.00006497161357,
      "naive_speedup": 2.7184584453530585,
      "overestimate_factor": 2.023590098973911
    },
    "gap_spread_log": null,
    "repeats_per_corner": {
      "(-1, -1, -1)": [
        0
      ],
      "(-1, -1, 1)": [
        0
      ],