{
 "gsm8k@c1": {
  "baseline_acc": 0.7760416666666666,
  "complete_repeats": [
   0,
   1,
   2
  ],
  "compounding": {
   "excess_pts": -0.6510416666666741,
   "measured_delta_pts": -4.1666666666666625,
   "naive_delta_pts": -3.5156249999999885
  },
  "effects_pts": {
   "K": -0.9114583333333287,
   "KS": 0.13020833333333148,
   "S": 0.6510416666666685,
   "W": -3.2552083333333286,
   "WK": 2.4739583333333286,
   "WKS": -0.6510416666666685,
   "WS": -0.6510416666666685
  },
  "effects_pts_range": {
   "K": [
    -4.6875,
    2.34375
   ],
   "KS": [
    -0.78125,
    0.78125
   ],
   "S": [
    0.0,
    1.171875
   ],
   "W": [
    -5.46875,
    -1.5625
   ],
   "WK": [
    1.5625,
    4.296875
   ],
   "WKS": [
    -1.5625,
    0.390625
   ],
   "WS": [
    -0.78125,
    -0.390625
   ]
  },
  "fullstack_acc": 0.734375
 },
 "gsm8k@c32": {
  "baseline_acc": 0.7614583333333332,
  "complete_repeats": [
   0,
   1,
   2
  ],
  "compounding": {
   "excess_pts": -0.10416666666666918,
   "measured_delta_pts": -3.8541666666666474,
   "naive_delta_pts": -3.7499999999999782
  },
  "effects_pts": {
   "K": -0.624999999999995,
   "KS": -0.10416666666666352,
   "S": -0.1562499999999939,
   "W": -2.9687499999999893,
   "WK": 0.41666666666666796,
   "WKS": -0.10416666666666352,
   "WS": 0.0520833333333276
  },
  "effects_pts_range": {
   "K": [
    -2.187499999999998,
    0.8593750000000011
   ],
   "KS": [
    -0.46874999999999833,
    0.07812500000000111
   ],
   "S": [
    -0.31250000000000167,
    -0.07812500000000111
   ],
   "W": [
    -3.828124999999999,
    -2.0312499999999902
   ],
   "WK": [
    -0.07812500000000389,
    1.3281250000000078
   ],
   "WKS": [
    -0.15624999999999944,
    -0.07812500000000111
   ],
   "WS": [
    -0.3124999999999961,
    0.39062499999999445
   ]
  },
  "fullstack_acc": 0.7229166666666668
 },
 "gsm8k@c64": {
  "baseline_acc": 0.7526041666666666,
  "complete_repeats": [
   0,
   1,
   2
  ],
  "compounding": {
   "excess_pts": -0.2766927083333366,
   "measured_delta_pts": -3.90625,
   "naive_delta_pts": -3.6295572916666634
  },
  "effects_pts": {
   "K": 0.40690104166666297,
   "KS": -0.27669270833333703,
   "S": -0.08138020833333148,
   "W": -3.9550781249999947,
   "WK": 0.2766927083333315,
   "WKS": -0.2766927083333315,
   "WS": -0.341796875
  },
  "effects_pts_range": {
   "K": [
    -0.634765625,
    1.26953125
   ],
   "KS": [
    -0.5859375,
    0.09765625
   ],
   "S": [
    -0.146484375,
    0.0
   ],
   "W": [
    -5.224609375,
    -2.1484375
   ],
   "WK": [
    -0.29296875,
    1.26953125
   ],
   "WKS": [
    -0.634765625,
    -0.09765625
   ],
   "WS": [
    -0.634765625,
    0.0
   ]
  },
  "fullstack_acc": 0.7135416666666666
 },
 "gsm8k@c8": {
  "baseline_acc": 0.7687499999999999,
  "complete_repeats": [
   0,
   1,
   2
  ],
  "compounding": {
   "excess_pts": -0.3645833333333348,
   "measured_delta_pts": -4.1666666666666625,
   "naive_delta_pts": -3.8020833333333277
  },
  "effects_pts": {
   "K": -0.2604166666666602,
   "KS": 0.5729166666666619,
   "S": 0.46874999999999556,
   "W": -4.010416666666663,
   "WK": 1.7187499999999938,
   "WKS": -0.3645833333333348,
   "WS": -0.2604166666666685
  },
  "effects_pts_range": {
   "K": [
    -1.093749999999999,
    0.3124999999999989
   ],
   "KS": [
    0.0,
    1.093749999999999
   ],
   "S": [
    -0.6249999999999978,
    1.250000000000001
   ],
   "W": [
    -4.531249999999998,
    -3.125000000000011
   ],
   "WK": [
    0.6249999999999978,
    3.7500000000000036
   ],
   "WKS": [
    -0.9375000000000022,
    0.0
   ],
   "WS": [
    -0.9374999999999967,
    0.6249999999999978
   ]
  },
  "fullstack_acc": 0.7270833333333333
 },
 "humaneval@c1": {
  "baseline_acc": 0.7239583333333334,
  "complete_repeats": [
   0,
   1,
   2
  ],
  "compounding": {
   "excess_pts": 0.13020833333333748,
   "measured_delta_pts": -5.729166666666674,
   "naive_delta_pts": -5.8593750000000115
  },
  "effects_pts": {
   "K": 1.4322916666666574,
   "KS": 0.6510416666666685,
   "S": 0.390625,
   "W": -7.682291666666669,
   "WK": 3.5156250000000053,
   "WKS": 0.13020833333333148,
   "WS": 0.390625
  },
  "effects_pts_range": {
   "K": [
    0.78125,
    1.953125
   ],
   "KS": [
    0.0,
    1.5625
   ],
   "S": [
    0.0,
    0.78125
   ],
   "W": [
    -10.9375,
    -1.953125
   ],
   "WK": [
    3.125,
    4.296875
   ],
   "WKS": [
    -0.390625,
    0.78125
   ],
   "WS": [
    -0.390625,
    1.5625
   ]
  },
  "fullstack_acc": 0.6666666666666666
 },
 "humaneval@c32": {
  "baseline_acc": 0.6979166666666666,
  "complete_repeats": [
   0,
   1,
   2
  ],
  "compounding": {
   "excess_pts": -0.026041666666670515,
   "measured_delta_pts": -4.895833333333332,
   "naive_delta_pts": -4.869791666666662
  },
  "effects_pts": {
   "K": 1.744791666666673,
   "KS": 0.07812499999999556,
   "S": 0.13020833333332593,
   "W": -6.744791666666661,
   "WK": 2.8906249999999964,
   "WKS": -0.026041666666665186,
   "WS": -0.07812499999999556
  },
  "effects_pts_range": {
   "K": [
    0.9374999999999967,
    2.5781250000000004
   ],
   "KS": [
    -0.5468749999999967,
    1.093749999999999
   ],
   "S": [
    -0.390625,
    0.9375000000000022
   ],
   "W": [
    -6.7968749999999885,
    -6.71874999999999
   ],
   "WK": [
    2.8124999999999902,
    3.046874999999996
   ],
   "WKS": [
    -0.3124999999999989,
    0.23437499999999778
   ],
   "WS": [
    -0.23437500000000333,
    0.15625000000000222
   ]
  },
  "fullstack_acc": 0.6489583333333333
 },
 "humaneval@c64": {
  "baseline_acc": 0.7083333333333334,
  "complete_repeats": [
   0,
   1,
   2
  ],
  "compounding": {
   "excess_pts": 0.14648437500000533,
   "measured_delta_pts": -5.7942708333333375,
   "naive_delta_pts": -5.940755208333343
  },
  "effects_pts": {
   "K": 1.4485677083333286,
   "KS": 0.634765625,
   "S": 0.537109375,
   "W": -7.926432291666671,
   "WK": 1.7415364583333344,
   "WKS": 0.146484375,
   "WS": 0.17903645833333703
  },
  "effects_pts_range": {
   "K": [
    1.07421875,
    1.806640625
   ],
   "KS": [
    0.09765625,
    1.025390625
   ],
   "S": [
    0.09765625,
    0.830078125
   ],
   "W": [
    -8.251953125,
    -7.6171875
   ],
   "WK": [
    1.513671875,
    1.953125
   ],
   "WKS": [
    -0.048828125,
    0.390625
   ],
   "WS": [
    -0.048828125,
    0.390625
   ]
  },
  "fullstack_acc": 0.650390625
 },
 "humaneval@c8": {
  "baseline_acc": 0.7041666666666666,
  "complete_repeats": [
   0,
   1,
   2
  ],
  "compounding": {
   "excess_pts": -0.26041666666665453,
   "measured_delta_pts": -4.374999999999984,
   "naive_delta_pts": -4.1145833333333295
  },
  "effects_pts": {
   "K": 2.1354166666666674,
   "KS": 0.26041666666666574,
   "S": -0.05208333333333315,
   "W": -6.197916666666664,
   "WK": 3.281250000000002,
   "WKS": -0.2604166666666602,
   "WS": 0.2604166666666713
  },
  "effects_pts_range": {
   "K": [
    2.031250000000004,
    2.3437499999999947
   ],
   "KS": [
    -0.15624999999999667,
    0.7812499999999972
   ],
   "S": [
    -0.4687500000000011,
    0.15624999999999944
   ],
   "W": [
    -6.4062499999999964,
    -5.781249999999985
   ],
   "WK": [
    2.9687500000000036,
    3.593749999999993
   ],
   "WKS": [
    -0.78125,
    0.46874999999999833
   ],
   "WS": [
    0.15625000000000222,
    0.46874999999999833
   ]
  },
  "fullstack_acc": 0.6604166666666668
 }
}